--
-- PostgreSQL database dump
--

-- Dumped from database version 12.3
-- Dumped by pg_dump version 12.3

SET statement_timeout = 0;
SET lock_timeout = 0;
SET idle_in_transaction_session_timeout = 0;
SET client_encoding = 'UTF8';
SET standard_conforming_strings = on;
SELECT pg_catalog.set_config('search_path', '', false);
SET check_function_bodies = false;
SET xmloption = content;
SET client_min_messages = warning;
SET row_security = off;

SET default_tablespace = '';

SET default_table_access_method = heap;

--
-- Name: cell; Type: TABLE; Schema: public; Owner: fluoj
--

CREATE TABLE public.cell (
    idcell integer NOT NULL,
    x integer,
    y integer,
    date date,
    idimage smallint,
    idtype smallint
);


ALTER TABLE public.cell OWNER TO fluoj;

--
-- Name: cell_feature; Type: TABLE; Schema: public; Owner: fluoj
--

CREATE TABLE public.cell_feature (
    idcell integer NOT NULL,
    idfeature smallint NOT NULL,
    value double precision
);


ALTER TABLE public.cell_feature OWNER TO fluoj;

--
-- Name: cell_idcell_seq; Type: SEQUENCE; Schema: public; Owner: fluoj
--

ALTER TABLE public.cell ALTER COLUMN idcell ADD GENERATED BY DEFAULT AS IDENTITY (
    SEQUENCE NAME public.cell_idcell_seq
    START WITH 1
    INCREMENT BY 1
    NO MINVALUE
    NO MAXVALUE
    CACHE 1
);


--
-- Name: feature; Type: TABLE; Schema: public; Owner: fluoj
--

CREATE TABLE public.feature (
    idfeature smallint NOT NULL,
    name character varying(50) NOT NULL,
    description character varying(500),
    roi boolean
);


ALTER TABLE public.feature OWNER TO fluoj;

--
-- Name: feature_idfeature_seq; Type: SEQUENCE; Schema: public; Owner: fluoj
--

ALTER TABLE public.feature ALTER COLUMN idfeature ADD GENERATED BY DEFAULT AS IDENTITY (
    SEQUENCE NAME public.feature_idfeature_seq
    START WITH 1
    INCREMENT BY 1
    NO MINVALUE
    NO MAXVALUE
    CACHE 1
);


--
-- Name: filter; Type: TABLE; Schema: public; Owner: fluoj
--

CREATE TABLE public.filter (
    idfilter smallint NOT NULL,
    command character varying(500),
    options character varying(500),
    idsample smallint
);


ALTER TABLE public.filter OWNER TO fluoj;

--
-- Name: filter_idfilter_seq; Type: SEQUENCE; Schema: public; Owner: fluoj
--

ALTER TABLE public.filter ALTER COLUMN idfilter ADD GENERATED BY DEFAULT AS IDENTITY (
    SEQUENCE NAME public.filter_idfilter_seq
    START WITH 1
    INCREMENT BY 1
    NO MINVALUE
    NO MAXVALUE
    CACHE 1
);


--
-- Name: probability; Type: TABLE; Schema: public; Owner: fluoj
--

CREATE TABLE public.probability (
    idtype smallint NOT NULL,
    idfeature smallint NOT NULL,
    x integer,
    frequence integer,
    probability double precision,
    idprobability integer NOT NULL
);


ALTER TABLE public.probability OWNER TO fluoj;

--
-- Name: probability_idprobability_seq; Type: SEQUENCE; Schema: public; Owner: fluoj
--

ALTER TABLE public.probability ALTER COLUMN idprobability ADD GENERATED ALWAYS AS IDENTITY (
    SEQUENCE NAME public.probability_idprobability_seq
    START WITH 1
    INCREMENT BY 1
    NO MINVALUE
    NO MAXVALUE
    CACHE 1
);


--
-- Name: sample; Type: TABLE; Schema: public; Owner: fluoj
--

CREATE TABLE public.sample (
    idsample smallint NOT NULL,
    name character varying(50),
    image_threshold smallint,
    rois_max smallint,
    fill_holes boolean,
    idsession smallint,
    expansion_radius smallint,
    idseparation smallint,
    idimage integer,
    idtype smallint,
    rois_threshold smallint DEFAULT 0
);


ALTER TABLE public.sample OWNER TO fluoj;

--
-- Name: sample_feature; Type: TABLE; Schema: public; Owner: fluoj
--

CREATE TABLE public.sample_feature (
    idsample smallint NOT NULL,
    idfeature smallint NOT NULL,
    min double precision,
    max double precision,
    active boolean
);


ALTER TABLE public.sample_feature OWNER TO fluoj;

--
-- Name: sample_idsample_seq; Type: SEQUENCE; Schema: public; Owner: fluoj
--

ALTER TABLE public.sample ALTER COLUMN idsample ADD GENERATED BY DEFAULT AS IDENTITY (
    SEQUENCE NAME public.sample_idsample_seq
    START WITH 1
    INCREMENT BY 1
    NO MINVALUE
    NO MAXVALUE
    CACHE 1
);


--
-- Name: sample_image; Type: TABLE; Schema: public; Owner: fluoj
--

CREATE TABLE public.sample_image (
    idimage integer NOT NULL,
    date date,
    name character varying(50),
    idsample smallint NOT NULL
);


ALTER TABLE public.sample_image OWNER TO fluoj;

--
-- Name: sample_image_idimage_seq; Type: SEQUENCE; Schema: public; Owner: fluoj
--

ALTER TABLE public.sample_image ALTER COLUMN idimage ADD GENERATED BY DEFAULT AS IDENTITY (
    SEQUENCE NAME public.sample_image_idimage_seq
    START WITH 1
    INCREMENT BY 1
    NO MINVALUE
    NO MAXVALUE
    CACHE 1
);


--
-- Name: scell; Type: TABLE; Schema: public; Owner: fluoj
--

CREATE TABLE public.scell (
    idscell integer NOT NULL,
    x integer,
    y integer,
    idimage integer,
    idtype smallint,
    date date,
    winner smallint,
    idsession smallint
);


ALTER TABLE public.scell OWNER TO fluoj;

--
-- Name: scell_feature; Type: TABLE; Schema: public; Owner: fluoj
--

CREATE TABLE public.scell_feature (
    idscell integer NOT NULL,
    idfeature smallint NOT NULL,
    value double precision
);


ALTER TABLE public.scell_feature OWNER TO fluoj;

--
-- Name: scell_idscell_seq; Type: SEQUENCE; Schema: public; Owner: fluoj
--

ALTER TABLE public.scell ALTER COLUMN idscell ADD GENERATED BY DEFAULT AS IDENTITY (
    SEQUENCE NAME public.scell_idscell_seq
    START WITH 1
    INCREMENT BY 1
    NO MINVALUE
    NO MAXVALUE
    CACHE 1
);


--
-- Name: separation; Type: TABLE; Schema: public; Owner: fluoj
--

CREATE TABLE public.separation (
    idseparation smallint NOT NULL,
    name character varying(50)
);


ALTER TABLE public.separation OWNER TO fluoj;

--
-- Name: separation_idseparation_seq; Type: SEQUENCE; Schema: public; Owner: fluoj
--

ALTER TABLE public.separation ALTER COLUMN idseparation ADD GENERATED BY DEFAULT AS IDENTITY (
    SEQUENCE NAME public.separation_idseparation_seq
    START WITH 1
    INCREMENT BY 1
    NO MINVALUE
    NO MAXVALUE
    CACHE 1
);


--
-- Name: session; Type: TABLE; Schema: public; Owner: fluoj
--

CREATE TABLE public.session (
    idsession integer NOT NULL,
    name character varying(50),
    date date,
    idsample smallint
);


ALTER TABLE public.session OWNER TO fluoj;

--
-- Name: session_idsession_seq; Type: SEQUENCE; Schema: public; Owner: fluoj
--

ALTER TABLE public.session ALTER COLUMN idsession ADD GENERATED BY DEFAULT AS IDENTITY (
    SEQUENCE NAME public.session_idsession_seq
    START WITH 1
    INCREMENT BY 1
    NO MINVALUE
    NO MAXVALUE
    CACHE 1
);


--
-- Name: type; Type: TABLE; Schema: public; Owner: fluoj
--

CREATE TABLE public.type (
    idtype smallint NOT NULL,
    name character varying(50),
    label character varying(50),
    training_min integer,
    idsample smallint,
    color integer
);


ALTER TABLE public.type OWNER TO fluoj;

--
-- Name: type_idtype_seq; Type: SEQUENCE; Schema: public; Owner: fluoj
--

ALTER TABLE public.type ALTER COLUMN idtype ADD GENERATED BY DEFAULT AS IDENTITY (
    SEQUENCE NAME public.type_idtype_seq
    START WITH 1
    INCREMENT BY 1
    NO MINVALUE
    NO MAXVALUE
    CACHE 1
);


--
-- Data for Name: cell; Type: TABLE DATA; Schema: public; Owner: fluoj
--

COPY public.cell (idcell, x, y, date, idimage, idtype) FROM stdin;
9932	89	68	2020-10-05	25	10
9933	546	72	2020-10-05	25	9
9934	89	68	2020-10-05	24	10
9935	546	72	2020-10-05	24	10
9936	386	91	2020-10-05	24	10
9937	386	91	2020-10-05	25	10
9938	97	108	2020-10-05	24	10
9939	97	108	2020-10-05	25	10
9940	1223	139	2020-10-05	24	11
9941	1223	139	2020-10-05	25	11
9942	566	217	2020-10-05	24	9
9943	277	243	2020-10-05	24	9
9944	707	278	2020-10-05	24	11
9945	623	280	2020-10-05	24	9
9946	566	217	2020-10-05	25	9
9947	61	904	2020-10-05	24	9
9948	380	930	2020-10-05	24	10
9949	277	243	2020-10-05	25	10
9950	707	278	2020-10-05	25	9
9951	623	280	2020-10-05	25	9
9952	1119	11	2020-10-05	24	9
9953	146	32	2020-10-05	24	9
9954	872	32	2020-10-05	24	9
9955	1085	41	2020-10-05	24	9
9956	1122	54	2020-10-05	24	9
9957	328	55	2020-10-05	24	9
9958	969	65	2020-10-05	24	9
9959	1031	75	2020-10-05	24	9
9960	202	76	2020-10-05	24	9
9961	723	94	2020-10-05	24	9
9962	564	121	2020-10-05	24	9
9963	894	126	2020-10-05	24	9
9964	620	139	2020-10-05	24	9
9965	302	147	2020-10-05	24	9
9966	374	186	2020-10-05	24	9
9967	1305	198	2020-10-05	24	9
9968	126	203	2020-10-05	24	9
9969	1097	211	2020-10-05	24	9
9970	1067	222	2020-10-05	24	9
9971	205	230	2020-10-05	24	9
9972	1198	255	2020-10-05	24	9
9973	161	284	2020-10-05	24	9
9974	911	914	2020-10-05	24	9
9975	282	919	2020-10-05	24	9
9976	362	933	2020-10-05	24	9
9977	966	941	2020-10-05	24	9
9978	265	943	2020-10-05	24	9
9979	815	945	2020-10-05	24	9
9980	1231	952	2020-10-05	24	9
9981	789	957	2020-10-05	24	9
9982	481	982	2020-10-05	24	9
9983	654	353	2020-10-05	25	9
9984	250	479	2020-10-05	25	10
9985	125	993	2020-10-05	24	9
9986	1057	550	2020-10-05	25	9
9987	1034	632	2020-10-05	25	10
9988	712	764	2020-10-05	25	10
9989	1250	771	2020-10-05	25	10
9990	757	782	2020-10-05	25	9
9991	26	891	2020-10-05	25	10
9992	61	904	2020-10-05	25	9
9993	654	353	2020-10-05	24	9
9994	380	930	2020-10-05	25	10
9995	250	479	2020-10-05	24	10
9996	1119	11	2020-10-05	25	9
9997	146	32	2020-10-05	25	9
9998	872	32	2020-10-05	25	9
9999	1085	41	2020-10-05	25	9
10000	1122	54	2020-10-05	25	9
10001	328	55	2020-10-05	25	9
10002	969	65	2020-10-05	25	9
10003	1031	75	2020-10-05	25	9
10004	202	76	2020-10-05	25	9
10005	723	94	2020-10-05	25	9
10006	1057	550	2020-10-05	24	10
10007	564	121	2020-10-05	25	9
10008	894	126	2020-10-05	25	9
10009	620	139	2020-10-05	25	9
10010	302	147	2020-10-05	25	9
10011	374	186	2020-10-05	25	9
10012	1305	198	2020-10-05	25	9
10013	126	203	2020-10-05	25	9
10014	1097	211	2020-10-05	25	9
10015	1067	222	2020-10-05	25	9
10016	205	230	2020-10-05	25	9
10017	1198	255	2020-10-05	25	9
10018	1034	632	2020-10-05	24	10
10019	161	284	2020-10-05	25	9
10020	986	312	2020-10-05	25	9
10021	944	319	2020-10-05	25	9
10022	1170	349	2020-10-05	25	9
10023	801	364	2020-10-05	25	9
10024	1092	388	2020-10-05	25	9
10025	1339	398	2020-10-05	25	9
10026	618	415	2020-10-05	25	9
10027	137	434	2020-10-05	25	9
10028	1251	437	2020-10-05	25	9
10029	712	764	2020-10-05	24	10
10030	1250	771	2020-10-05	24	10
10031	19	441	2020-10-05	25	9
10032	757	782	2020-10-05	24	9
10033	170	462	2020-10-05	25	9
10034	208	476	2020-10-05	25	9
10035	283	476	2020-10-05	25	9
10036	1049	494	2020-10-05	25	9
10142	1119	11	2020-10-05	29	12
10143	146	32	2020-10-05	29	12
10144	872	32	2020-10-05	29	12
10145	1085	41	2020-10-05	29	12
10146	1122	54	2020-10-05	29	12
10147	328	55	2020-10-05	29	12
10148	969	65	2020-10-05	29	12
10149	546	72	2020-10-05	29	13
10150	1031	75	2020-10-05	29	12
10151	202	76	2020-10-05	29	12
10152	386	91	2020-10-05	29	13
10153	723	94	2020-10-05	29	12
10154	97	108	2020-10-05	29	13
10155	564	121	2020-10-05	29	12
10156	894	126	2020-10-05	29	12
10157	620	139	2020-10-05	29	12
10158	1223	139	2020-10-05	29	14
10159	302	147	2020-10-05	29	12
10160	374	186	2020-10-05	29	12
10161	1305	198	2020-10-05	29	12
10162	126	203	2020-10-05	29	12
10163	1097	211	2020-10-05	29	12
10164	1067	222	2020-10-05	29	12
10165	205	230	2020-10-05	29	12
10166	277	243	2020-10-05	29	13
10167	1198	255	2020-10-05	29	12
10168	707	278	2020-10-05	29	12
10169	161	284	2020-10-05	29	12
10170	986	312	2020-10-05	29	12
10171	944	319	2020-10-05	29	12
10172	1170	349	2020-10-05	29	12
10173	654	353	2020-10-05	29	12
10174	801	364	2020-10-05	29	12
10175	1092	388	2020-10-05	29	12
10176	1339	398	2020-10-05	29	12
10177	618	415	2020-10-05	29	12
10178	137	434	2020-10-05	29	12
10179	1251	437	2020-10-05	29	12
10180	19	441	2020-10-05	29	12
10181	170	462	2020-10-05	29	12
10182	208	476	2020-10-05	29	12
10183	283	476	2020-10-05	29	12
10184	250	479	2020-10-05	29	13
10185	1049	494	2020-10-05	29	12
10186	464	497	2020-10-05	29	12
10187	875	500	2020-10-05	29	12
10188	208	501	2020-10-05	29	12
10189	918	502	2020-10-05	29	12
10190	411	511	2020-10-05	29	12
10191	580	516	2020-10-05	29	12
10192	1026	516	2020-10-05	29	12
10193	960	524	2020-10-05	29	12
10194	461	530	2020-10-05	29	12
10195	1057	550	2020-10-05	29	13
10196	1229	551	2020-10-05	29	12
10197	269	553	2020-10-05	29	12
10198	537	556	2020-10-05	29	12
10199	349	566	2020-10-05	29	12
10200	991	577	2020-10-05	29	12
10201	1105	593	2020-10-05	29	12
10202	700	595	2020-10-05	29	12
10203	850	599	2020-10-05	29	12
10204	180	613	2020-10-05	29	12
10205	1180	615	2020-10-05	29	12
10206	1217	630	2020-10-05	29	12
10207	1034	632	2020-10-05	29	12
10208	201	655	2020-10-05	29	12
10209	790	691	2020-10-05	29	12
10210	143	701	2020-10-05	29	12
10211	1033	710	2020-10-05	29	12
10212	1006	734	2020-10-05	29	12
10213	800	735	2020-10-05	29	12
10214	387	736	2020-10-05	29	12
10215	681	741	2020-10-05	29	12
10216	1305	759	2020-10-05	29	12
10217	894	760	2020-10-05	29	12
10218	712	764	2020-10-05	29	12
10219	1250	771	2020-10-05	29	13
10220	732	782	2020-10-05	29	12
10221	757	782	2020-10-05	29	12
10222	1254	805	2020-10-05	29	12
10223	252	817	2020-10-05	29	12
10224	1130	817	2020-10-05	29	12
10225	71	822	2020-10-05	29	12
10226	989	828	2020-10-05	29	12
10227	385	844	2020-10-05	29	12
10228	595	857	2020-10-05	29	12
10229	10	877	2020-10-05	29	12
10230	64	877	2020-10-05	29	12
10231	26	891	2020-10-05	29	12
10232	61	904	2020-10-05	29	12
10233	911	914	2020-10-05	29	12
10234	282	919	2020-10-05	29	12
10235	380	930	2020-10-05	29	13
10236	362	933	2020-10-05	29	12
10237	966	941	2020-10-05	29	12
10238	265	943	2020-10-05	29	12
10239	815	945	2020-10-05	29	12
10240	1231	952	2020-10-05	29	12
10241	789	957	2020-10-05	29	12
10242	481	982	2020-10-05	29	12
10243	125	993	2020-10-05	29	12
10244	817	4	2020-10-05	30	12
10245	880	4	2020-10-05	30	12
10246	382	8	2020-10-05	30	12
10037	464	497	2020-10-05	25	9
10038	875	500	2020-10-05	25	9
10039	208	501	2020-10-05	25	9
10040	918	502	2020-10-05	25	9
10041	411	511	2020-10-05	25	9
10042	26	891	2020-10-05	24	10
10043	986	312	2020-10-05	24	9
10044	944	319	2020-10-05	24	9
10045	1170	349	2020-10-05	24	9
10046	801	364	2020-10-05	24	9
10047	1092	388	2020-10-05	24	9
10048	1339	398	2020-10-05	24	9
10049	618	415	2020-10-05	24	9
10050	137	434	2020-10-05	24	9
10051	1251	437	2020-10-05	24	9
10052	19	441	2020-10-05	24	9
10053	170	462	2020-10-05	24	9
10054	208	476	2020-10-05	24	9
10055	283	476	2020-10-05	24	9
10056	1049	494	2020-10-05	24	9
10057	464	497	2020-10-05	24	9
10058	875	500	2020-10-05	24	9
10059	208	501	2020-10-05	24	9
10060	918	502	2020-10-05	24	9
10061	411	511	2020-10-05	24	9
10062	580	516	2020-10-05	24	9
10063	1026	516	2020-10-05	24	9
10064	960	524	2020-10-05	24	9
10065	461	530	2020-10-05	24	9
10066	1229	551	2020-10-05	24	9
10067	269	553	2020-10-05	24	9
10068	537	556	2020-10-05	24	9
10069	349	566	2020-10-05	24	9
10070	991	577	2020-10-05	24	9
10071	1105	593	2020-10-05	24	9
10072	700	595	2020-10-05	24	9
10073	850	599	2020-10-05	24	9
10074	180	613	2020-10-05	24	9
10075	1180	615	2020-10-05	24	9
10076	1217	630	2020-10-05	24	9
10077	201	655	2020-10-05	24	9
10078	790	691	2020-10-05	24	9
10079	143	701	2020-10-05	24	9
10080	1033	710	2020-10-05	24	9
10081	1006	734	2020-10-05	24	9
10082	800	735	2020-10-05	24	9
10083	387	736	2020-10-05	24	9
10084	681	741	2020-10-05	24	9
10085	1305	759	2020-10-05	24	9
10086	894	760	2020-10-05	24	9
10087	732	782	2020-10-05	24	9
10088	1254	805	2020-10-05	24	9
10089	252	817	2020-10-05	24	9
10090	1130	817	2020-10-05	24	9
10091	71	822	2020-10-05	24	9
10092	989	828	2020-10-05	24	9
10093	385	844	2020-10-05	24	9
10094	595	857	2020-10-05	24	9
10095	10	877	2020-10-05	24	9
10096	64	877	2020-10-05	24	9
10097	580	516	2020-10-05	25	9
10098	1026	516	2020-10-05	25	9
10099	960	524	2020-10-05	25	9
10100	461	530	2020-10-05	25	9
10101	1229	551	2020-10-05	25	9
10102	269	553	2020-10-05	25	9
10103	537	556	2020-10-05	25	9
10104	349	566	2020-10-05	25	9
10105	991	577	2020-10-05	25	9
10106	1105	593	2020-10-05	25	9
10107	700	595	2020-10-05	25	9
10108	850	599	2020-10-05	25	9
10109	180	613	2020-10-05	25	9
10110	1180	615	2020-10-05	25	9
10111	1217	630	2020-10-05	25	9
10112	201	655	2020-10-05	25	9
10113	790	691	2020-10-05	25	9
10114	143	701	2020-10-05	25	9
10115	1033	710	2020-10-05	25	9
10116	1006	734	2020-10-05	25	9
10117	800	735	2020-10-05	25	9
10118	387	736	2020-10-05	25	9
10119	681	741	2020-10-05	25	9
10120	1305	759	2020-10-05	25	9
10121	894	760	2020-10-05	25	9
10122	732	782	2020-10-05	25	9
10123	1254	805	2020-10-05	25	9
10124	252	817	2020-10-05	25	9
10125	1130	817	2020-10-05	25	9
10126	71	822	2020-10-05	25	9
10127	989	828	2020-10-05	25	9
10128	385	844	2020-10-05	25	9
10129	595	857	2020-10-05	25	9
10130	10	877	2020-10-05	25	9
10131	64	877	2020-10-05	25	10
10132	911	914	2020-10-05	25	9
10133	282	919	2020-10-05	25	9
10134	362	933	2020-10-05	25	9
10135	966	941	2020-10-05	25	9
10136	265	943	2020-10-05	25	9
10137	815	945	2020-10-05	25	9
10138	1231	952	2020-10-05	25	9
10139	789	957	2020-10-05	25	9
10140	481	982	2020-10-05	25	9
10141	125	993	2020-10-05	25	9
10247	1172	9	2020-10-05	30	12
10248	149	11	2020-10-05	30	12
10249	555	22	2020-10-05	30	14
10250	895	23	2020-10-05	30	13
10251	100	39	2020-10-05	30	12
10252	741	47	2020-10-05	30	12
10253	76	58	2020-10-05	30	12
10254	864	62	2020-10-05	30	12
10255	266	66	2020-10-05	30	12
10256	1014	67	2020-10-05	30	12
10257	60	68	2020-10-05	30	12
10258	985	68	2020-10-05	30	12
10259	1145	72	2020-10-05	30	12
10260	211	73	2020-10-05	30	12
10261	412	86	2020-10-05	30	12
10262	377	87	2020-10-05	30	12
10263	647	89	2020-10-05	30	12
10264	779	102	2020-10-05	30	12
10265	1149	106	2020-10-05	30	12
10266	653	118	2020-10-05	30	12
10267	928	119	2020-10-05	30	12
10268	1007	135	2020-10-05	30	12
10269	1301	136	2020-10-05	30	12
10270	9	146	2020-10-05	30	12
10271	125	146	2020-10-05	30	12
10272	610	149	2020-10-05	30	12
10273	272	164	2020-10-05	30	12
10274	185	168	2020-10-05	30	12
10275	801	182	2020-10-05	30	12
10276	609	183	2020-10-05	30	12
10277	647	198	2020-10-05	30	12
10278	132	199	2020-10-05	30	12
10279	178	202	2020-10-05	30	12
10280	1039	216	2020-10-05	30	12
10281	1290	220	2020-10-05	30	12
10282	958	229	2020-10-05	30	12
10283	162	239	2020-10-05	30	12
10284	494	246	2020-10-05	30	12
10285	1318	251	2020-10-05	30	12
10286	1320	279	2020-10-05	30	12
10287	101	288	2020-10-05	30	12
10288	318	294	2020-10-05	30	13
10289	1208	305	2020-10-05	30	12
10290	51	310	2020-10-05	30	12
10291	585	315	2020-10-05	30	12
10292	467	317	2020-10-05	30	12
10293	1001	324	2020-10-05	30	12
10294	1319	326	2020-10-05	30	12
10295	209	332	2020-10-05	30	12
10296	337	335	2020-10-05	30	12
10297	1091	336	2020-10-05	30	12
10298	654	337	2020-10-05	30	12
10299	1138	340	2020-10-05	30	12
10300	620	345	2020-10-05	30	12
10301	1220	356	2020-10-05	30	12
10302	728	362	2020-10-05	30	12
10303	1071	369	2020-10-05	30	12
10304	1095	377	2020-10-05	30	12
10305	375	399	2020-10-05	30	13
10306	799	400	2020-10-05	30	12
10307	49	401	2020-10-05	30	12
10308	719	403	2020-10-05	30	12
10309	1204	407	2020-10-05	30	12
10310	1271	408	2020-10-05	30	12
10311	454	409	2020-10-05	30	12
10312	925	411	2020-10-05	30	12
10313	544	419	2020-10-05	30	12
10314	359	420	2020-10-05	30	12
10315	997	426	2020-10-05	30	12
10316	1255	428	2020-10-05	30	13
10317	1070	429	2020-10-05	30	12
10318	782	435	2020-10-05	30	13
10319	557	436	2020-10-05	30	12
10320	270	438	2020-10-05	30	12
10321	379	441	2020-10-05	30	12
10322	952	456	2020-10-05	30	12
10323	192	478	2020-10-05	30	12
10324	460	487	2020-10-05	30	12
10325	395	489	2020-10-05	30	12
10326	558	491	2020-10-05	30	12
10327	481	498	2020-10-05	30	12
10328	1177	510	2020-10-05	30	12
10329	313	516	2020-10-05	30	12
10330	67	526	2020-10-05	30	12
10331	510	527	2020-10-05	30	12
10332	959	532	2020-10-05	30	13
10333	1292	533	2020-10-05	30	12
10334	926	538	2020-10-05	30	12
10335	126	551	2020-10-05	30	12
10336	64	555	2020-10-05	30	12
10337	435	559	2020-10-05	30	12
10338	998	559	2020-10-05	30	12
10339	511	563	2020-10-05	30	12
10340	1238	571	2020-10-05	30	12
10341	305	575	2020-10-05	30	12
10342	168	579	2020-10-05	30	12
10343	381	583	2020-10-05	30	13
10344	1059	587	2020-10-05	30	12
10345	858	595	2020-10-05	30	12
10346	639	596	2020-10-05	30	12
10347	760	596	2020-10-05	30	12
10348	724	602	2020-10-05	30	12
10349	557	608	2020-10-05	30	12
10350	47	617	2020-10-05	30	12
10351	156	618	2020-10-05	30	12
10352	1219	626	2020-10-05	30	13
10353	296	628	2020-10-05	30	12
10354	415	647	2020-10-05	30	12
10355	942	659	2020-10-05	30	13
10356	658	665	2020-10-05	30	12
10357	365	668	2020-10-05	30	12
10358	446	680	2020-10-05	30	12
10359	671	682	2020-10-05	30	12
10360	656	701	2020-10-05	30	12
10361	783	704	2020-10-05	30	12
10362	799	705	2020-10-05	30	12
10363	65	725	2020-10-05	30	12
10364	1136	725	2020-10-05	30	12
10365	301	726	2020-10-05	30	13
10366	709	734	2020-10-05	30	12
10367	435	737	2020-10-05	30	12
10368	55	738	2020-10-05	30	12
10369	907	747	2020-10-05	30	12
10370	1136	748	2020-10-05	30	12
10371	190	757	2020-10-05	30	12
10372	383	763	2020-10-05	30	12
10373	602	763	2020-10-05	30	12
10374	1296	772	2020-10-05	30	12
10375	1064	779	2020-10-05	30	14
10376	1192	815	2020-10-05	30	12
10377	1107	828	2020-10-05	30	12
10378	260	831	2020-10-05	30	12
10379	1228	834	2020-10-05	30	12
10380	71	837	2020-10-05	30	12
10381	805	846	2020-10-05	30	12
10382	222	850	2020-10-05	30	12
10383	611	851	2020-10-05	30	12
10384	749	856	2020-10-05	30	12
10385	123	859	2020-10-05	30	12
10386	1267	868	2020-10-05	30	12
10387	718	876	2020-10-05	30	12
10388	993	891	2020-10-05	30	12
10389	846	896	2020-10-05	30	12
10390	221	899	2020-10-05	30	12
10391	1166	908	2020-10-05	30	12
10392	321	915	2020-10-05	30	12
10393	489	918	2020-10-05	30	12
10394	1134	927	2020-10-05	30	12
10395	584	929	2020-10-05	30	12
10396	279	932	2020-10-05	30	12
10397	127	939	2020-10-05	30	12
10398	34	946	2020-10-05	30	12
10399	879	947	2020-10-05	30	12
10400	379	955	2020-10-05	30	13
10401	547	978	2020-10-05	30	12
10402	343	988	2020-10-05	30	12
10403	1261	989	2020-10-05	30	12
10404	1208	994	2020-10-05	30	12
10405	720	1004	2020-10-05	30	12
\.


--
-- Data for Name: cell_feature; Type: TABLE DATA; Schema: public; Owner: fluoj
--

COPY public.cell_feature (idcell, idfeature, value) FROM stdin;
9932	9	161.61094932993782
9932	21	248
9932	1	1041
9932	25	23.823246002197266
9933	21	143
9933	1	816
9933	9	152.95857202164893
9933	25	17.52450942993164
9934	25	23.823246002197266
9934	1	1041
9934	9	161.61094932993782
9934	21	248
9935	9	152.95857202164893
9935	21	143
9935	1	816
9935	25	17.52450942993164
9936	1	765
9936	9	167.62559821360992
9936	25	28.75817108154297
9936	21	220
9937	25	28.75817108154297
9937	21	220
9937	1	765
9937	9	167.62559821360992
9938	21	126
9938	25	17.8217830657959
9938	1	707
9938	9	152.97628108389034
9939	25	17.8217830657959
9939	9	152.97628108389034
9939	1	707
9939	21	126
9940	25	59.375
9940	21	532
9940	1	896
9940	9	205.94194797927886
9941	21	532
9941	1	896
9941	25	59.375
9941	9	205.94194797927886
9942	1	1138
9942	9	186.40080264503567
9942	25	43.40949249267578
9942	21	494
9943	25	14.828898429870605
9943	1	789
9943	9	147.6541363447742
9943	21	117
9944	1	995
9944	9	181.5239259116879
9944	21	390
9944	25	39.195980072021484
9945	1	1075
9945	21	404
9945	25	37.581398010253906
9945	9	179.88672921824224
9946	1	1138
9946	21	494
9946	9	186.40080264503567
9946	25	43.40949249267578
9947	9	184.89189753503177
9947	25	42.97520446777344
9947	1	363
9947	21	156
9948	25	23.157894134521484
9948	21	88
9948	1	380
9948	9	160.49919658759404
9949	25	14.828898429870605
9949	21	117
9949	1	789
9949	9	147.6541363447742
9950	9	181.5239259116879
9950	21	390
9950	1	995
9950	25	39.195980072021484
9951	1	1075
9951	25	37.581398010253906
9951	21	404
9951	9	179.88672921824224
9952	25	53.97148895263672
9952	21	265
9952	1	491
9952	9	198.9888697007091
9953	9	201.21484709619003
9953	21	235
9953	25	55.68720245361328
9953	1	422
9954	21	275
9954	1	513
9954	25	53.60623550415039
9954	9	198.71461213515073
9955	9	198.45373837373234
9955	25	53.725494384765625
9955	1	510
9955	21	274
9956	1	517
9956	21	281
9956	25	54.35203170776367
9956	9	198.81966985652315
9957	25	53.093814849853516
9957	9	198.27477959527
9957	1	501
9957	21	266
9958	25	55.648536682128906
9958	21	266
9958	9	200.5854037164729
9958	1	478
9959	21	285
9959	1	556
9959	9	195.68772841023963
9959	25	51.258995056152344
9960	1	512
9960	25	52.9296875
9960	21	271
9960	9	196.4712824912333
9961	21	274
9961	9	197.32266882490697
9961	1	522
9961	25	52.49041748046875
9962	1	550
9962	21	290
9962	9	197.25751051492426
9962	25	52.727272033691406
9963	9	199.01251648693946
9963	21	295
9963	25	53.93053436279297
9963	1	547
9964	25	54.62012481689453
9964	21	266
9964	1	487
9964	9	199.72992545222135
9965	1	479
9965	9	196.7387817017014
9965	25	52.8183708190918
9965	21	253
9966	25	55.29661178588867
9966	9	200.4249510838138
9966	1	472
9966	21	261
9967	9	198.90447351262196
9967	21	257
9967	25	53.54166793823242
9967	1	480
9968	25	54.525386810302734
9968	9	199.05951055330627
9968	21	247
9968	1	453
9969	9	198.11835646480824
9969	21	270
9969	25	53.46534729003906
9969	1	505
9970	9	197.53684399050172
9970	25	53.25443649291992
9970	21	270
9970	1	507
9971	21	263
9971	1	510
9971	25	51.568626403808594
9971	9	196.5961023290655
9972	1	505
9972	21	262
9972	9	196.31676766727475
9972	25	51.881187438964844
9973	9	195.86246936110967
9973	25	51.893096923828125
9973	21	233
9973	1	449
9974	1	629
9974	25	48.17170333862305
9974	9	192.2286330825576
9974	21	303
9975	1	358
9975	21	170
9975	25	47.48603439331055
9975	9	190.57766492617935
9976	21	203
9976	25	50.62343978881836
9976	9	194.19465386828352
9976	1	401
9977	9	193.12289290683765
9977	25	49.64706039428711
9977	21	211
9977	1	425
9978	9	190.37841413478435
9978	21	182
9978	25	47.02842330932617
9978	1	387
9979	1	413
9979	21	196
9979	9	190.62492487991216
9979	25	47.45762634277344
9980	21	204
9980	25	47.775177001953125
9980	9	190.33308656339656
9980	1	427
9981	9	190.50432285166556
9981	25	47.36842346191406
9981	21	207
9981	1	437
9982	9	192.60623735140734
9982	1	375
9982	21	188
9982	25	50.13333511352539
9983	25	56.93333053588867
9983	21	427
9983	1	750
9983	9	203.10832577715763
9984	25	10.286677360534668
9984	1	593
9984	9	137.2449650750386
9984	21	61
9985	1	355
9985	21	167
9985	25	47.04225540161133
9985	9	189.33819507082046
9986	1	786
9986	9	166.7195386874396
9986	25	28.371501922607422
9986	21	223
9987	1	825
9987	21	128
9987	25	15.515151977539062
9987	9	149.26670862262054
9988	25	24.005306243896484
9988	1	754
9988	21	181
9988	9	162.23248537313611
9989	1	284
9989	25	22.18309783935547
9989	21	63
9989	9	153.55418367450514
9990	1	634
9990	25	37.854888916015625
9990	9	179.66014621724335
9990	21	240
9991	25	28.450702667236328
9991	21	101
9991	9	164.07904312972514
9991	1	355
9992	25	42.97520446777344
9992	21	156
9992	1	363
9992	9	184.89189753503177
9993	9	203.10832577715763
9993	1	750
9993	21	427
9993	25	56.93333053588867
9994	1	380
9994	25	23.157894134521484
9994	9	160.49919658759404
9994	21	88
9995	25	10.286677360534668
9995	21	61
9995	1	593
9995	9	137.2449650750386
9996	1	491
9996	25	53.97148895263672
9996	21	265
9996	9	198.9888697007091
9997	1	422
9997	9	201.21484709619003
9997	21	235
9997	25	55.68720245361328
9998	21	275
9998	9	198.71461213515073
9998	1	513
9998	25	53.60623550415039
9999	25	53.725494384765625
9999	21	274
9999	9	198.45373837373234
9999	1	510
10000	1	517
10000	21	281
10000	25	54.35203170776367
10000	9	198.81966985652315
10001	1	501
10001	9	198.27477959527
10001	21	266
10001	25	53.093814849853516
10002	25	55.648536682128906
10002	9	200.5854037164729
10002	21	266
10002	1	478
10003	9	195.68772841023963
10003	21	285
10003	1	556
10003	25	51.258995056152344
10004	1	512
10004	25	52.9296875
10004	21	271
10004	9	196.4712824912333
10005	21	274
10005	25	52.49041748046875
10005	1	522
10005	9	197.32266882490697
10006	25	28.371501922607422
10006	9	166.7195386874396
10006	21	223
10006	1	786
10007	1	550
10007	21	290
10007	9	197.25751051492426
10007	25	52.727272033691406
10008	25	53.93053436279297
10008	21	295
10008	9	199.01251648693946
10008	1	547
10009	1	487
10009	9	199.72992545222135
10009	21	266
10009	25	54.62012481689453
10010	9	196.7387817017014
10010	25	52.8183708190918
10010	21	253
10010	1	479
10011	25	55.29661178588867
10011	9	200.4249510838138
10011	21	261
10011	1	472
10012	9	198.90447351262196
10012	25	53.54166793823242
10012	21	257
10012	1	480
10013	1	453
10013	21	247
10013	25	54.525386810302734
10013	9	199.05951055330627
10014	25	53.46534729003906
10014	9	198.11835646480824
10014	21	270
10014	1	505
10015	25	53.25443649291992
10015	21	270
10015	1	507
10015	9	197.53684399050172
10016	1	510
10016	9	196.5961023290655
10016	21	263
10016	25	51.568626403808594
10017	9	196.31676766727475
10017	25	51.881187438964844
10017	21	262
10017	1	505
10018	25	15.515151977539062
10018	1	825
10018	21	128
10018	9	149.26670862262054
10019	9	195.86246936110967
10019	1	449
10019	21	233
10019	25	51.893096923828125
10020	25	55.19231033325195
10020	9	200.10228634375972
10020	1	520
10020	21	287
10021	21	291
10021	9	196.15276025879132
10021	1	560
10021	25	51.96428298950195
10022	1	531
10022	9	197.13328728727043
10022	21	280
10022	25	52.73069763183594
10023	21	264
10023	1	501
10023	9	197.5981627752033
10023	25	52.69461441040039
10024	25	53.58649444580078
10024	21	254
10024	9	198.1049087032441
10024	1	474
10025	21	378
10025	1	670
10025	25	56.417911529541016
10025	9	202.31741722707127
10026	1	713
10026	9	201.72258873276706
10026	21	401
10026	25	56.241233825683594
10027	25	51.619869232177734
10027	9	195.29273038174463
10027	1	463
10027	21	239
10028	21	232
10028	9	196.899656488463
10028	25	50.989013671875
10028	1	455
10029	1	754
10029	21	181
10029	25	24.005306243896484
10029	9	162.23248537313611
10030	9	153.55418367450514
10030	21	63
10030	1	284
10030	25	22.18309783935547
10031	25	50.71428298950195
10031	21	213
10031	1	420
10031	9	194.16915183367703
10032	25	37.854888916015625
10032	1	634
10032	21	240
10032	9	179.66014621724335
10033	1	468
10033	21	248
10033	9	196.73125840645667
10033	25	52.991455078125
10034	1	487
10034	21	241
10034	25	49.48665237426758
10034	9	192.8169169178161
10035	9	197.81407922058582
10035	1	483
10035	21	260
10035	25	53.830230712890625
10036	9	195.5144194773186
10036	21	259
10036	1	501
10036	25	51.69660568237305
10142	21	265
10142	1	491
10142	9	198.9888697007091
10143	9	201.21484709619003
10143	21	235
10143	1	422
10144	1	513
10144	9	198.71461213515073
10144	21	275
10145	1	510
10145	21	274
10145	9	198.45373837373234
10146	1	517
10146	21	281
10146	9	198.81966985652315
10147	9	198.27477959527
10147	1	501
10147	21	266
10148	1	478
10148	21	266
10148	9	200.5854037164729
10149	21	143
10149	9	152.95857202164893
10149	1	816
10150	9	195.68772841023963
10150	1	556
10150	21	285
10151	1	512
10151	9	196.4712824912333
10151	21	271
10152	9	167.62559821360992
10152	21	220
10152	1	765
10153	21	274
10153	1	522
10153	9	197.32266882490697
10154	1	707
10154	21	126
10154	9	152.97628108389034
10155	9	197.25751051492426
10155	21	290
10155	1	550
10156	1	547
10156	21	295
10156	9	199.01251648693946
10157	1	487
10157	9	199.72992545222135
10157	21	266
10158	21	532
10158	9	205.94194797927886
10158	1	896
10159	1	479
10159	21	253
10159	9	196.7387817017014
10160	9	200.4249510838138
10160	21	261
10160	1	472
10161	1	480
10161	9	198.90447351262196
10161	21	257
10162	9	199.05951055330627
10162	21	247
10162	1	453
10163	1	505
10163	21	270
10163	9	198.11835646480824
10164	9	197.53684399050172
10164	21	270
10164	1	507
10165	1	510
10165	21	263
10165	9	196.5961023290655
10166	21	117
10166	9	147.6541363447742
10166	1	789
10167	9	196.31676766727475
10167	1	505
10167	21	262
10168	9	181.5239259116879
10168	1	995
10168	21	390
10169	21	233
10169	9	195.86246936110967
10169	1	449
10170	21	287
10170	9	200.10228634375972
10170	1	520
10171	1	560
10171	21	291
10171	9	196.15276025879132
10172	9	197.13328728727043
10172	21	280
10172	1	531
10173	21	427
10173	9	203.10832577715763
10173	1	750
10174	21	264
10174	9	197.5981627752033
10174	1	501
10175	21	254
10175	1	474
10175	9	198.1049087032441
10176	9	202.31741722707127
10176	1	670
10176	21	378
10177	9	201.72258873276706
10177	21	401
10177	1	713
10178	21	239
10178	9	195.29273038174463
10178	1	463
10179	1	455
10179	21	232
10179	9	196.899656488463
10180	21	213
10180	1	420
10180	9	194.16915183367703
10181	9	196.73125840645667
10181	21	248
10181	1	468
10182	1	487
10182	21	241
10182	9	192.8169169178161
10183	1	483
10183	9	197.81407922058582
10183	21	260
10184	9	137.2449650750386
10184	1	593
10184	21	61
10185	1	501
10185	9	195.5144194773186
10185	21	259
10186	9	193.61789625070642
10186	1	517
10186	21	256
10187	9	195.28218764777293
10187	21	260
10187	1	512
10188	9	197.87817962727155
10188	21	234
10188	1	438
10189	9	200.18356482820758
10189	1	483
10189	21	266
10190	9	195.01680608570751
10190	21	251
10190	1	494
10191	1	509
10191	21	265
10191	9	196.6183961717801
10192	9	194.96388554464815
10192	21	251
10192	1	492
10193	1	476
10193	9	199.72049797385438
10193	21	264
10194	9	197.54904779159924
10194	21	259
10194	1	487
10195	1	786
10195	9	166.7195386874396
10195	21	223
10196	21	246
10196	1	464
10196	9	197.40458738512044
10197	21	218
10197	1	439
10197	9	193.12453050418048
10198	21	258
10198	1	482
10198	9	198.08019981857342
10199	1	427
10199	21	234
10199	9	199.4703114556771
10200	1	492
10200	21	252
10200	9	195.86817368683108
10201	21	253
10201	9	198.76530552624666
10201	1	467
10202	21	272
10202	9	197.9699501624304
10202	1	514
10203	1	469
10203	21	253
10203	9	199.318674242829
10204	21	219
10204	1	421
10204	9	195.69026377139173
10205	21	244
10205	1	466
10205	9	196.4374333879658
10206	1	465
10206	21	240
10206	9	195.5680284797105
10207	21	128
10207	9	149.26670862262054
10207	1	825
10208	9	190.13834400707069
10208	21	203
10208	1	434
10209	1	505
10209	21	253
10209	9	193.68764279193712
10210	21	201
10210	9	195.17269583895282
10210	1	383
10211	9	198.60941388567045
10211	21	230
10211	1	419
10212	1	461
10212	9	194.42856926552162
10212	21	235
10213	9	197.94753205440216
10213	1	448
10213	21	239
10214	1	399
10214	9	197.31778498320088
10214	21	212
10215	21	228
10215	9	195.6622503607076
10215	1	444
10216	9	193.10134707667268
10216	1	453
10216	21	220
10217	9	192.4345461331061
10217	1	440
10217	21	215
10218	1	754
10218	21	181
10218	9	162.23248537313611
10219	9	153.55418367450514
10219	21	63
10219	1	284
10220	21	252
10220	1	483
10220	9	196.96811125916315
10221	1	634
10221	21	240
10221	9	179.66014621724335
10222	21	220
10222	9	195.05787528998587
10222	1	435
10223	9	188.80113117475523
10223	1	429
10223	21	199
10224	9	194.85777960481158
10224	21	220
10224	1	433
10225	9	187.560305894768
10225	21	162
10225	1	357
10226	1	432
10226	9	195.6148781548979
10226	21	217
10227	21	199
10227	9	190.4336967480883
10227	1	420
10228	1	411
10228	9	193.2867025734763
10228	21	204
10229	1	316
10229	9	190.3470763990634
10229	21	150
10230	1	372
10230	9	188.8363204311567
10230	21	174
10231	21	101
10231	9	164.07904312972514
10231	1	355
10232	1	363
10232	9	184.89189753503177
10232	21	156
10233	9	192.2286330825576
10233	21	303
10233	1	629
10234	1	358
10234	21	170
10234	9	190.57766492617935
10235	1	380
10235	21	88
10235	9	160.49919658759404
10236	21	203
10236	1	401
10236	9	194.19465386828352
10237	21	211
10237	9	193.12289290683765
10237	1	425
10238	9	190.37841413478435
10238	1	387
10238	21	182
10239	9	190.62492487991216
10239	21	196
10239	1	413
10240	9	190.33308656339656
10240	21	204
10240	1	427
10241	21	207
10241	9	190.50432285166556
10241	1	437
10242	21	188
10242	1	375
10242	9	192.60623735140734
10243	1	355
10243	21	167
10243	9	189.33819507082046
10244	9	213.81370757365337
10244	1	388
10244	21	254
10245	9	212.32170116285567
10245	21	266
10245	1	418
10246	21	239
10246	9	212.93090131109116
10246	1	371
10247	9	210.03941305176227
10247	1	427
10247	21	265
10248	9	214.1204353782255
10248	21	249
10248	1	378
10249	21	622
10249	9	221.26262649978537
10249	1	874
10250	9	176.92009464149396
10250	21	256
10250	1	714
10251	9	212.8070263402271
10251	1	348
10251	21	225
10252	9	215.0065487374745
10252	21	245
10252	1	375
10253	9	212.66925413994784
10253	21	211
10253	1	326
10254	21	256
10254	9	214.46784364689552
10254	1	386
10255	9	205.75434231800807
10255	1	405
10255	21	238
10256	21	260
10256	9	211.91295840921947
10256	1	412
10257	1	377
10257	21	234
10257	9	210.0553987809625
10258	21	286
10258	1	456
10258	9	210.63634789046162
10259	9	208.05162865615878
10259	1	429
10259	21	259
10260	9	208.5916499761929
10260	1	382
10260	21	236
10261	21	261
10261	1	394
10261	9	214.07858868177289
10262	1	377
10262	21	227
10262	9	207.29588407485727
10263	21	255
10263	1	382
10263	9	215.58399317941777
10264	9	213.3390899069411
10264	1	379
10264	21	241
10265	1	406
10265	21	257
10265	9	211.21701654653143
10266	9	212.10923072222897
10266	1	396
10266	21	250
10267	9	208.34181759415273
10267	1	409
10267	21	248
10268	9	201.3094140277882
10268	21	248
10268	1	454
10269	21	254
10269	9	210.70277875626073
10269	1	410
10270	9	212.24549599033148
10270	1	352
10270	21	228
10271	1	385
10271	21	241
10271	9	210.06706412136916
10272	1	376
10272	9	212.83901618009477
10272	21	246
10273	9	210.75653550692857
10273	21	253
10273	1	394
10274	21	251
10274	1	404
10274	9	209.71303471814304
10275	1	377
10275	9	214.74973405306483
10275	21	248
10276	9	180.93999207167278
10276	21	225
10276	1	602
10277	1	400
10277	9	212.8597308088122
10277	21	255
10278	9	208.74438179557535
10278	21	229
10278	1	378
10279	21	227
10279	9	208.18389947351835
10279	1	375
10280	21	265
10280	1	402
10280	9	214.7209574127286
10281	9	211.4350490129303
10281	1	409
10281	21	260
10037	9	193.61789625070642
10037	21	256
10037	1	517
10037	25	49.516441345214844
10038	1	512
10038	21	260
10038	25	50.78125
10038	9	195.28218764777293
10039	21	234
10039	1	438
10039	9	197.87817962727155
10039	25	53.42465591430664
10040	1	483
10040	25	55.07246398925781
10040	21	266
10040	9	200.18356482820758
10041	1	494
10041	9	195.01680608570751
10041	25	50.809715270996094
10041	21	251
10042	9	164.07904312972514
10042	25	28.450702667236328
10042	1	355
10042	21	101
10043	1	520
10043	9	200.10228634375972
10043	25	55.19231033325195
10043	21	287
10044	25	51.96428298950195
10044	21	291
10044	1	560
10044	9	196.15276025879132
10045	21	280
10045	25	52.73069763183594
10045	9	197.13328728727043
10045	1	531
10046	1	501
10046	9	197.5981627752033
10046	21	264
10046	25	52.69461441040039
10047	25	53.58649444580078
10047	1	474
10047	9	198.1049087032441
10047	21	254
10048	25	56.417911529541016
10048	9	202.31741722707127
10048	1	670
10048	21	378
10049	25	56.241233825683594
10049	9	201.72258873276706
10049	1	713
10049	21	401
10050	9	195.29273038174463
10050	21	239
10050	25	51.619869232177734
10050	1	463
10051	1	455
10051	21	232
10051	9	196.899656488463
10051	25	50.989013671875
10052	9	194.16915183367703
10052	25	50.71428298950195
10052	21	213
10052	1	420
10053	1	468
10053	9	196.73125840645667
10053	21	248
10053	25	52.991455078125
10054	9	192.8169169178161
10054	1	487
10054	21	241
10054	25	49.48665237426758
10055	25	53.830230712890625
10055	21	260
10055	1	483
10055	9	197.81407922058582
10056	9	195.5144194773186
10056	1	501
10056	21	259
10056	25	51.69660568237305
10057	21	256
10057	1	517
10057	9	193.61789625070642
10057	25	49.516441345214844
10058	25	50.78125
10058	1	512
10058	21	260
10058	9	195.28218764777293
10059	9	197.87817962727155
10059	21	234
10059	1	438
10059	25	53.42465591430664
10060	21	266
10060	1	483
10060	25	55.07246398925781
10060	9	200.18356482820758
10061	25	50.809715270996094
10061	21	251
10061	9	195.01680608570751
10061	1	494
10062	1	509
10062	25	52.062870025634766
10062	9	196.6183961717801
10062	21	265
10063	1	492
10063	21	251
10063	25	51.016258239746094
10063	9	194.96388554464815
10064	21	264
10064	1	476
10064	9	199.72049797385438
10064	25	55.462188720703125
10065	1	487
10065	21	259
10065	9	197.54904779159924
10065	25	53.1827507019043
10066	21	246
10066	1	464
10066	9	197.40458738512044
10066	25	53.017242431640625
10067	21	218
10067	25	49.6583137512207
10067	9	193.12453050418048
10067	1	439
10068	1	482
10068	9	198.08019981857342
10068	21	258
10068	25	53.526973724365234
10069	9	199.4703114556771
10069	1	427
10069	21	234
10069	25	54.800941467285156
10070	21	252
10070	25	51.219512939453125
10070	1	492
10070	9	195.86817368683108
10071	1	467
10071	21	253
10071	25	54.17559051513672
10071	9	198.76530552624666
10072	9	197.9699501624304
10072	21	272
10072	25	52.91828536987305
10072	1	514
10073	1	469
10073	25	53.94456481933594
10073	9	199.318674242829
10073	21	253
10074	25	52.01900100708008
10074	1	421
10074	9	195.69026377139173
10074	21	219
10075	25	52.36051559448242
10075	9	196.4374333879658
10075	1	466
10075	21	244
10076	1	465
10076	9	195.5680284797105
10076	21	240
10076	25	51.61289978027344
10077	25	46.774192810058594
10077	9	190.13834400707069
10077	1	434
10077	21	203
10078	25	50.0990104675293
10078	21	253
10078	9	193.68764279193712
10078	1	505
10079	9	195.17269583895282
10079	1	383
10079	21	201
10079	25	52.48041915893555
10080	9	198.60941388567045
10080	21	230
10080	1	419
10080	25	54.892601013183594
10081	9	194.42856926552162
10081	21	235
10081	25	50.976139068603516
10081	1	461
10082	21	239
10082	1	448
10082	9	197.94753205440216
10082	25	53.34821319580078
10083	21	212
10083	25	53.13283157348633
10083	1	399
10083	9	197.31778498320088
10084	21	228
10084	1	444
10084	9	195.6622503607076
10084	25	51.351348876953125
10085	25	48.565120697021484
10085	21	220
10085	1	453
10085	9	193.10134707667268
10086	1	440
10086	21	215
10086	25	48.8636360168457
10086	9	192.4345461331061
10087	21	252
10087	1	483
10087	25	52.173912048339844
10087	9	196.96811125916315
10088	9	195.05787528998587
10088	21	220
10088	1	435
10088	25	50.57471466064453
10089	9	188.80113117475523
10089	25	46.38694381713867
10089	1	429
10089	21	199
10090	9	194.85777960481158
10090	1	433
10090	25	50.80831527709961
10090	21	220
10091	1	357
10091	25	45.378150939941406
10091	21	162
10091	9	187.560305894768
10092	25	50.23147964477539
10092	21	217
10092	9	195.6148781548979
10092	1	432
10093	1	420
10093	9	190.4336967480883
10093	21	199
10093	25	47.380950927734375
10094	25	49.63503646850586
10094	9	193.2867025734763
10094	1	411
10094	21	204
10095	25	47.46835708618164
10095	9	190.3470763990634
10095	1	316
10095	21	150
10096	1	372
10096	9	188.8363204311567
10096	21	174
10096	25	46.774192810058594
10097	25	52.062870025634766
10097	9	196.6183961717801
10097	21	265
10097	1	509
10098	9	194.96388554464815
10098	25	51.016258239746094
10098	1	492
10098	21	251
10099	9	199.72049797385438
10099	1	476
10099	21	264
10099	25	55.462188720703125
10100	25	53.1827507019043
10100	1	487
10100	21	259
10100	9	197.54904779159924
10101	1	464
10101	25	53.017242431640625
10101	9	197.40458738512044
10101	21	246
10102	1	439
10102	9	193.12453050418048
10102	21	218
10102	25	49.6583137512207
10103	21	258
10103	9	198.08019981857342
10103	25	53.526973724365234
10103	1	482
10104	21	234
10104	25	54.800941467285156
10104	9	199.4703114556771
10104	1	427
10105	9	195.86817368683108
10105	21	252
10105	25	51.219512939453125
10105	1	492
10106	21	253
10106	1	467
10106	9	198.76530552624666
10106	25	54.17559051513672
10107	25	52.91828536987305
10107	21	272
10107	1	514
10107	9	197.9699501624304
10108	21	253
10108	9	199.318674242829
10108	25	53.94456481933594
10108	1	469
10109	25	52.01900100708008
10109	1	421
10109	21	219
10109	9	195.69026377139173
10110	25	52.36051559448242
10110	9	196.4374333879658
10110	1	466
10110	21	244
10111	1	465
10111	9	195.5680284797105
10111	25	51.61289978027344
10111	21	240
10112	21	203
10112	1	434
10112	9	190.13834400707069
10112	25	46.774192810058594
10113	21	253
10113	1	505
10113	9	193.68764279193712
10113	25	50.0990104675293
10114	1	383
10114	25	52.48041915893555
10114	21	201
10114	9	195.17269583895282
10115	21	230
10115	9	198.60941388567045
10115	1	419
10115	25	54.892601013183594
10116	25	50.976139068603516
10116	1	461
10116	21	235
10116	9	194.42856926552162
10117	1	448
10117	25	53.34821319580078
10117	21	239
10117	9	197.94753205440216
10118	25	53.13283157348633
10118	1	399
10118	9	197.31778498320088
10118	21	212
10119	1	444
10119	21	228
10119	9	195.6622503607076
10119	25	51.351348876953125
10120	9	193.10134707667268
10120	25	48.565120697021484
10120	21	220
10120	1	453
10121	21	215
10121	25	48.8636360168457
10121	9	192.4345461331061
10121	1	440
10122	9	196.96811125916315
10122	21	252
10122	1	483
10122	25	52.173912048339844
10123	25	50.57471466064453
10123	21	220
10123	9	195.05787528998587
10123	1	435
10124	9	188.80113117475523
10124	1	429
10124	21	199
10124	25	46.38694381713867
10125	21	220
10125	9	194.85777960481158
10125	1	433
10125	25	50.80831527709961
10126	1	357
10126	21	162
10126	9	187.560305894768
10126	25	45.378150939941406
10127	1	432
10127	25	50.23147964477539
10127	21	217
10127	9	195.6148781548979
10128	25	47.380950927734375
10128	21	199
10128	9	190.4336967480883
10128	1	420
10129	1	411
10129	25	49.63503646850586
10129	9	193.2867025734763
10129	21	204
10130	9	190.3470763990634
10130	21	150
10130	1	316
10130	25	47.46835708618164
10131	21	174
10131	9	188.8363204311567
10131	1	372
10131	25	46.774192810058594
10132	9	192.2286330825576
10132	25	48.17170333862305
10132	1	629
10132	21	303
10133	25	47.48603439331055
10133	1	358
10133	21	170
10133	9	190.57766492617935
10134	25	50.62343978881836
10134	9	194.19465386828352
10134	1	401
10134	21	203
10135	25	49.64706039428711
10135	1	425
10135	21	211
10135	9	193.12289290683765
10136	21	182
10136	25	47.02842330932617
10136	9	190.37841413478435
10136	1	387
10137	21	196
10137	25	47.45762634277344
10137	9	190.62492487991216
10137	1	413
10138	21	204
10138	25	47.775177001953125
10138	9	190.33308656339656
10138	1	427
10139	21	207
10139	9	190.50432285166556
10139	25	47.36842346191406
10139	1	437
10140	9	192.60623735140734
10140	25	50.13333511352539
10140	21	188
10140	1	375
10141	25	47.04225540161133
10141	21	167
10141	9	189.33819507082046
10141	1	355
10282	9	212.65040674478337
10282	1	399
10282	21	256
10283	9	209.26603573618232
10283	21	227
10283	1	369
10284	21	251
10284	1	388
10284	9	213.3465551100359
10285	9	207.72892009848562
10285	1	424
10285	21	256
10286	9	208.97418626786367
10286	21	254
10286	1	418
10287	1	347
10287	21	225
10287	9	212.54228262164048
10288	1	805
10288	21	283
10288	9	174.72840681774764
10289	21	261
10289	9	210.63522400197323
10289	1	415
10290	1	338
10290	21	214
10290	9	211.2490327697475
10291	9	214.68295863266076
10291	1	418
10291	21	274
10292	9	211.18031605889868
10292	21	264
10292	1	421
10293	21	252
10293	1	387
10293	9	212.48049006045412
10294	21	266
10294	1	420
10294	9	211.12591593869374
10295	9	212.620996694339
10295	21	220
10295	1	340
10296	21	245
10296	9	211.4739875158014
10296	1	384
10297	21	255
10297	9	211.38280440944104
10297	1	400
10298	9	212.2805123158763
10298	1	440
10298	21	282
10299	1	412
10299	9	212.56954316084807
10299	21	263
10300	21	263
10300	1	408
10300	9	212.87361043494295
10301	9	182.34445426170768
10301	21	211
10301	1	520
10302	1	438
10302	9	211.25862226061224
10302	21	274
10303	21	268
10303	9	210.4917405356411
10303	1	427
10304	21	261
10304	9	209.80476057202668
10304	1	426
10305	21	75
10305	1	365
10305	9	156.93355194485147
10306	1	441
10306	9	211.61216824787485
10306	21	281
10307	21	219
10307	9	210.41279836142505
10307	1	350
10308	1	350
10308	21	235
10308	9	216.52226543376878
10309	9	210.1735015727691
10309	21	244
10309	1	393
10310	9	206.19659183109363
10310	1	435
10310	21	258
10311	9	210.27449647469015
10311	21	241
10311	1	393
10312	9	213.37287878608157
10312	1	411
10312	21	266
10313	1	380
10313	21	252
10313	9	214.9058361726192
10314	1	716
10314	21	449
10314	9	210.9480296875282
10315	21	267
10315	1	425
10315	9	211.91249581455298
10316	1	755
10316	9	168.51622438446307
10316	21	222
10317	9	212.85410043942923
10317	21	247
10317	1	379
10318	1	819
10318	9	172.94885860365684
10318	21	251
10319	9	213.4813425538211
10319	1	409
10319	21	264
10320	9	210.79920385956416
10320	1	368
10320	21	232
10321	9	210.00857125365144
10321	21	249
10321	1	405
10322	1	413
10322	21	268
10322	9	213.78507457579948
10323	21	220
10323	1	349
10323	9	210.95644521204915
10324	9	214.56308114275785
10324	1	399
10324	21	265
10325	1	389
10325	9	212.41187496759534
10325	21	252
10326	21	512
10326	1	850
10326	9	208.3049066096309
10327	1	419
10327	21	271
10327	9	211.8978566919552
10328	21	245
10328	9	212.5857941991608
10328	1	382
10329	21	239
10329	1	377
10329	9	210.35531391002624
10330	1	330
10330	21	207
10330	9	210.82930047646116
10331	21	252
10331	9	212.28456824151397
10331	1	393
10332	9	168.19415188190322
10332	21	285
10332	1	968
10333	1	386
10333	9	209.97910085988906
10333	21	236
10334	21	272
10334	1	443
10334	9	209.68637227495964
10335	1	353
10335	21	210
10335	9	207.40882156614288
10336	1	338
10336	21	211
10336	9	210.50644061040398
10337	21	252
10337	1	390
10337	9	212.3700266165831
10338	21	252
10338	1	417
10338	9	208.31732504443568
10339	21	273
10339	9	213.35739923352156
10339	1	416
10340	21	293
10340	9	210.06528289301656
10340	1	468
10341	9	210.7634229946955
10341	1	381
10341	21	239
10342	21	230
10342	9	209.91543356149836
10342	1	372
10343	21	257
10343	9	172.06678781391554
10343	1	828
10344	21	274
10344	9	210.57038327102146
10344	1	431
10345	21	235
10345	1	897
10345	9	167.50239519743735
10346	21	254
10346	9	211.14270824076127
10346	1	407
10347	1	438
10347	9	210.54755208621572
10347	21	277
10348	21	256
10348	1	396
10348	9	213.4655248583019
10349	21	250
10349	1	395
10349	9	211.28473199614672
10350	21	213
10350	9	210.00112744795388
10350	1	340
10351	1	345
10351	21	215
10351	9	209.5475318774765
10352	9	166.0290033412688
10352	21	218
10352	1	808
10353	9	211.74040710265956
10353	1	350
10353	21	222
10354	1	392
10354	21	244
10354	9	210.7700955146752
10355	1	744
10355	21	228
10355	9	170.7187486160564
10356	21	238
10356	1	347
10356	9	218.09044206977572
10357	21	253
10357	1	401
10357	9	210.8024331819049
10358	21	256
10358	1	401
10358	9	211.55112338507277
10359	21	227
10359	9	210.58639701286538
10359	1	379
10360	1	430
10360	21	267
10360	9	209.48784168527177
10361	1	446
10361	21	290
10361	9	215.15790426292997
10362	21	148
10362	1	218
10362	9	218.0372621971346
10363	1	281
10363	21	193
10363	9	217.49726549596122
10364	9	210.1489555889083
10364	1	413
10364	21	256
10365	1	542
10365	9	177.3932504737797
10365	21	194
10366	9	212.6593520163174
10366	21	260
10366	1	404
10367	21	240
10367	9	211.40754762693302
10367	1	377
10368	1	312
10368	21	204
10368	9	215.48671801534692
10369	21	259
10369	1	413
10369	9	211.02022440742223
10370	9	208.1703212290042
10370	1	409
10370	21	245
10371	1	362
10371	9	209.44609929117155
10371	21	223
10372	21	244
10372	1	380
10372	9	210.8510636744135
10373	1	390
10373	9	215.76579776966386
10373	21	263
10374	9	208.94819542395507
10374	21	241
10374	1	399
10375	21	453
10375	1	660
10375	9	217.46080803285687
10376	21	243
10376	1	388
10376	9	211.0011176498469
10377	1	385
10377	21	241
10377	9	210.32364053104865
10378	21	231
10378	9	208.70155395765175
10378	1	378
10379	1	422
10379	21	244
10379	9	206.60427636962893
10380	1	327
10380	9	210.71979452410574
10380	21	207
10381	21	251
10381	9	212.12072984559217
10381	1	397
10382	21	225
10382	1	451
10382	9	194.38024773503702
10383	21	250
10383	9	211.4466510127077
10383	1	392
10384	1	424
10384	9	211.256723684447
10384	21	273
10385	1	338
10385	9	212.4442983034772
10385	21	218
10386	1	570
10386	9	215.37080630978357
10386	21	374
10387	9	208.8113600619207
10387	1	440
10387	21	272
10388	21	254
10388	1	404
10388	9	210.3004039487088
10389	21	262
10389	9	211.76318253363263
10389	1	409
10390	1	344
10390	9	210.20588606146052
10390	21	220
10391	1	393
10391	9	209.36037936495327
10391	21	241
10392	21	239
10392	9	208.17989551011294
10392	1	389
10393	9	210.18758093208598
10393	21	224
10393	1	365
10394	1	401
10394	21	251
10394	9	209.77400260655767
10395	1	343
10395	21	209
10395	9	208.515885811054
10396	1	366
10396	9	211.68896659777752
10396	21	231
10397	9	209.50463984753907
10397	21	207
10397	1	340
10398	9	207.67049845402624
10398	1	334
10398	21	204
10399	1	395
10399	21	244
10399	9	210.47366713430452
10400	1	690
10400	21	212
10400	9	169.92858261165424
10401	9	210.3230770694635
10401	21	232
10401	1	369
10402	1	348
10402	9	211.73406248969673
10402	21	224
10403	9	209.3003952227862
10403	1	386
10403	21	237
10404	21	205
10404	9	192.76145626389894
10404	1	429
10405	21	53
10405	1	106
10405	9	192.84014300636935
\.


--
-- Data for Name: feature; Type: TABLE DATA; Schema: public; Owner: fluoj
--

COPY public.feature (idfeature, name, description, roi) FROM stdin;
19	rois pixel mean		t
20	rois pixel dev		t
21	rois area sum		t
22	rois polarity		t
1	area		f
2	perimeter		f
3	pixels mean		f
4	pixels deviation		f
5	pixels variation coefficient		f
6	radius		f
7	radius variance		f
8	diameter		f
9	brightness		f
10	asymmetry		f
11	ellipticity		f
13	polarity		f
14	centers distance		f
15	perimeter pixels mean		f
16	perimeter pixels deviation		f
17	perimeter brightness		f
18	perimeter polarity		f
12	curtosis		f
23	rois number		t
24	rois max area		t
25	rois area rate		t
\.


--
-- Data for Name: filter; Type: TABLE DATA; Schema: public; Owner: fluoj
--

COPY public.filter (idfilter, command, options, idsample) FROM stdin;
8	8-bit		9
9	8-bit		10
\.


--
-- Data for Name: probability; Type: TABLE DATA; Schema: public; Owner: fluoj
--

COPY public.probability (idtype, idfeature, x, frequence, probability, idprobability) FROM stdin;
12	1	12	2	0.008264462809917356	687
12	1	3	1	0.004132231404958678	688
12	1	18	1	0.004132231404958678	689
12	1	11	1	0.004132231404958678	690
12	1	5	76	0.3140495867768595	691
12	1	14	1	0.004132231404958678	692
12	1	13	2	0.008264462809917356	693
12	1	4	24	0.09917355371900827	694
12	1	15	1	0.004132231404958678	695
12	1	16	1	0.004132231404958678	696
12	1	10	3	0.012396694214876033	697
12	1	7	34	0.14049586776859505	698
12	1	9	3	0.012396694214876033	699
12	1	2	1	0.004132231404958678	700
12	1	8	19	0.07851239669421488	701
12	1	0	1	0.004132231404958678	702
12	1	6	71	0.29338842975206614	703
12	9	11	20	0.08264462809917356	704
12	9	6	1	0.004132231404958678	705
12	9	9	4	0.01652892561983471	706
12	9	13	27	0.1115702479338843	707
12	9	17	3	0.012396694214876033	708
12	9	16	46	0.19008264462809918	709
12	9	14	4	0.01652892561983471	710
12	9	15	90	0.371900826446281	711
12	9	12	42	0.17355371900826447	712
12	9	2	1	0.004132231404958678	713
12	9	5	2	0.008264462809917356	714
12	9	10	2	0.008264462809917356	715
12	21	3	7	0.028925619834710745	716
12	21	5	68	0.2809917355371901	717
12	21	6	117	0.4834710743801653	718
12	21	7	15	0.06198347107438017	719
12	21	4	25	0.10330578512396695	720
12	21	14	1	0.004132231404958678	721
12	21	1	1	0.004132231404958678	722
12	21	10	3	0.012396694214876033	723
12	21	12	1	0.004132231404958678	724
12	21	0	1	0.004132231404958678	725
12	21	11	2	0.008264462809917356	726
12	21	2	1	0.004132231404958678	727
13	1	9	1	0.05263157894736842	728
13	1	8	1	0.05263157894736842	729
13	1	13	4	0.21052631578947367	730
13	1	3	1	0.05263157894736842	731
13	1	14	5	0.2631578947368421	732
13	1	11	1	0.05263157894736842	733
13	1	17	1	0.05263157894736842	734
13	1	5	2	0.10526315789473684	735
13	1	12	3	0.15789473684210525	736
13	9	2	1	0.05263157894736842	737
13	9	0	1	0.05263157894736842	738
13	9	7	4	0.21052631578947367	739
13	9	4	2	0.10526315789473684	740
13	9	3	3	0.15789473684210525	741
13	9	8	3	0.15789473684210525	742
13	9	6	5	0.2631578947368421	743
13	21	6	3	0.15789473684210525	744
13	21	4	1	0.05263157894736842	745
13	21	1	1	0.05263157894736842	746
13	21	2	3	0.15789473684210525	747
13	21	0	3	0.15789473684210525	748
13	21	5	6	0.3157894736842105	749
13	21	7	2	0.10526315789473684	750
9	1	5	12	0.06486486486486487	611
9	1	18	2	0.010810810810810811	612
9	1	16	2	0.010810810810810811	613
9	1	0	2	0.010810810810810811	614
9	1	7	4	0.021621621621621623	615
9	1	1	11	0.05945945945945946	616
9	1	8	2	0.010810810810810811	617
9	1	2	24	0.12972972972972974	618
9	1	11	1	0.005405405405405406	619
9	1	10	2	0.010810810810810811	620
9	1	4	66	0.3567567567567568	621
9	1	14	1	0.005405405405405406	622
9	1	3	52	0.2810810810810811	623
9	1	9	4	0.021621621621621623	624
9	21	16	2	0.010810810810810811	625
9	21	6	39	0.21081081081081082	626
9	21	4	9	0.04864864864864865	627
9	21	3	7	0.03783783783783784	628
9	21	5	28	0.15135135135135136	629
9	21	8	24	0.12972972972972974	630
9	21	12	5	0.02702702702702703	631
9	21	9	2	0.010810810810810811	632
9	21	7	64	0.34594594594594597	633
9	21	13	4	0.021621621621621623	634
9	21	2	1	0.005405405405405406	635
9	25	17	2	0.010810810810810811	636
9	25	1	1	0.005405405405405406	637
9	25	14	38	0.20540540540540542	638
9	25	11	2	0.010810810810810811	639
9	25	2	1	0.005405405405405406	640
9	25	13	23	0.12432432432432433	641
9	25	12	4	0.021621621621621623	642
9	25	16	34	0.1837837837837838	643
9	25	10	5	0.02702702702702703	644
9	25	6	1	0.005405405405405406	645
9	25	15	74	0.4	646
9	9	15	82	0.44324324324324327	647
9	9	13	23	0.12432432432432433	648
9	9	16	38	0.20540540540540542	649
9	9	17	4	0.021621621621621623	650
9	9	4	1	0.005405405405405406	651
9	9	11	5	0.02702702702702703	652
9	9	2	1	0.005405405405405406	653
9	9	12	4	0.021621621621621623	654
9	9	14	26	0.14054054054054055	655
9	9	7	1	0.005405405405405406	656
10	1	2	2	0.09090909090909091	657
10	1	0	2	0.09090909090909091	658
10	1	6	2	0.09090909090909091	659
10	1	10	4	0.18181818181818182	660
10	1	9	2	0.09090909090909091	661
10	1	8	2	0.09090909090909091	662
10	1	11	3	0.13636363636363635	663
10	1	1	3	0.13636363636363635	664
10	1	15	2	0.09090909090909091	665
10	21	4	3	0.13636363636363635	666
10	21	3	1	0.045454545454545456	667
10	21	6	3	0.13636363636363635	668
10	21	1	4	0.18181818181818182	669
10	21	2	5	0.22727272727272727	670
10	21	7	2	0.09090909090909091	671
10	21	0	4	0.18181818181818182	672
10	25	1	3	0.13636363636363635	673
10	25	0	2	0.09090909090909091	674
10	25	6	5	0.22727272727272727	675
10	25	2	3	0.13636363636363635	676
10	25	5	2	0.09090909090909091	677
10	25	4	6	0.2727272727272727	678
10	25	13	1	0.045454545454545456	679
10	9	2	1	0.045454545454545456	680
10	9	3	2	0.09090909090909091	681
10	9	0	2	0.09090909090909091	682
10	9	4	5	0.22727272727272727	683
10	9	13	1	0.045454545454545456	684
10	9	7	5	0.22727272727272727	685
10	9	6	6	0.2727272727272727	686
\.


--
-- Data for Name: sample; Type: TABLE DATA; Schema: public; Owner: fluoj
--

COPY public.sample (idsample, name, image_threshold, rois_max, fill_holes, idsession, expansion_radius, idseparation, idimage, idtype, rois_threshold) FROM stdin;
9	Sperm	100	1	t	10	0	1	17	9	180
10	Sperm2	100	1	t	13	0	1	28	12	180
\.


--
-- Data for Name: sample_feature; Type: TABLE DATA; Schema: public; Owner: fluoj
--

COPY public.sample_feature (idsample, idfeature, min, max, active) FROM stdin;
9	21	20	800	t
9	25	2	80	t
9	1	100	2000	t
9	9	100	220	t
10	1	100	1000	t
10	9	100	250	t
10	21	50	700	t
\.


--
-- Data for Name: sample_image; Type: TABLE DATA; Schema: public; Owner: fluoj
--

COPY public.sample_image (idimage, date, name, idsample) FROM stdin;
24	2020-10-05	24.tif	9
25	2020-10-05	25.tif	9
28	2020-10-05	28.tif	10
29	2020-10-05	29.tif	10
30	2020-10-05	30.tif	10
17	2020-10-03	17.tif	9
\.


--
-- Data for Name: scell; Type: TABLE DATA; Schema: public; Owner: fluoj
--

COPY public.scell (idscell, x, y, idimage, idtype, date, winner, idsession) FROM stdin;
1677	1119	11	24	9	2020-10-05	9	10
1678	146	32	24	9	2020-10-05	9	10
1679	872	32	24	9	2020-10-05	9	10
1680	1085	41	24	9	2020-10-05	9	10
1681	1122	54	24	9	2020-10-05	9	10
1682	328	55	24	9	2020-10-05	9	10
1683	969	65	24	9	2020-10-05	9	10
1686	1031	75	24	9	2020-10-05	9	10
1687	202	76	24	9	2020-10-05	9	10
1689	723	94	24	9	2020-10-05	9	10
1691	564	121	24	9	2020-10-05	9	10
1692	894	126	24	9	2020-10-05	9	10
1693	620	139	24	9	2020-10-05	9	10
1695	302	147	24	9	2020-10-05	9	10
1696	374	186	24	9	2020-10-05	9	10
1697	1305	198	24	9	2020-10-05	9	10
1698	126	203	24	9	2020-10-05	9	10
1699	1097	211	24	9	2020-10-05	9	10
1701	1067	222	24	9	2020-10-05	9	10
1702	205	230	24	9	2020-10-05	9	10
1703	277	243	24	9	2020-10-05	10	10
1704	1198	255	24	9	2020-10-05	9	10
1707	161	284	24	9	2020-10-05	9	10
1771	911	914	24	9	2020-10-05	9	10
1772	282	919	24	9	2020-10-05	9	10
1774	362	933	24	9	2020-10-05	9	10
1775	966	941	24	9	2020-10-05	9	10
1776	265	943	24	9	2020-10-05	9	10
1777	815	945	24	9	2020-10-05	9	10
1778	1231	952	24	9	2020-10-05	9	10
1779	789	957	24	9	2020-10-05	9	10
1780	481	982	24	9	2020-10-05	9	10
1781	125	993	24	9	2020-10-05	9	10
1808	277	243	25	10	2020-10-05	10	10
1789	89	68	25	10	2020-10-05	\N	10
1790	546	72	25	9	2020-10-05	\N	10
1684	89	68	24	10	2020-10-05	\N	10
1685	546	72	24	10	2020-10-05	\N	10
1688	386	91	24	10	2020-10-05	\N	10
1793	386	91	25	10	2020-10-05	\N	10
1690	97	108	24	10	2020-10-05	\N	10
1795	97	108	25	10	2020-10-05	\N	10
1694	1223	139	24	11	2020-10-05	\N	10
1799	1223	139	25	11	2020-10-05	\N	10
1700	566	217	24	9	2020-10-05	\N	10
1705	707	278	24	11	2020-10-05	\N	10
1706	623	280	24	9	2020-10-05	\N	10
1805	566	217	25	9	2020-10-05	\N	10
1770	61	904	24	9	2020-10-05	\N	10
1773	380	930	24	10	2020-10-05	\N	10
1810	707	278	25	9	2020-10-05	\N	10
1811	623	280	25	9	2020-10-05	\N	10
1816	654	353	25	9	2020-10-05	\N	10
1827	250	479	25	10	2020-10-05	\N	10
1838	1057	550	25	9	2020-10-05	\N	10
1850	1034	632	25	10	2020-10-05	\N	10
1861	712	764	25	10	2020-10-05	\N	10
1862	1250	771	25	10	2020-10-05	\N	10
1864	757	782	25	9	2020-10-05	\N	10
2171	1223	139	29	14	2020-10-05	\N	13
2181	707	278	29	12	2020-10-05	\N	13
1782	1119	11	25	9	2020-10-05	9	10
2189	1339	398	29	12	2020-10-05	\N	13
2190	618	415	29	12	2020-10-05	\N	13
1783	146	32	25	9	2020-10-05	9	10
1784	872	32	25	9	2020-10-05	9	10
1785	1085	41	25	9	2020-10-05	9	10
1786	1122	54	25	9	2020-10-05	9	10
1787	328	55	25	9	2020-10-05	9	10
1788	969	65	25	9	2020-10-05	9	10
2231	712	764	29	12	2020-10-05	\N	13
2155	1119	11	29	12	2020-10-05	12	13
2156	146	32	29	12	2020-10-05	12	13
2157	872	32	29	12	2020-10-05	12	13
2158	1085	41	29	12	2020-10-05	12	13
2159	1122	54	29	12	2020-10-05	12	13
2160	328	55	29	12	2020-10-05	12	13
2161	969	65	29	12	2020-10-05	12	13
2162	546	72	29	13	2020-10-05	13	13
2163	1031	75	29	12	2020-10-05	12	13
2164	202	76	29	12	2020-10-05	12	13
2165	386	91	29	13	2020-10-05	13	13
2166	723	94	29	12	2020-10-05	12	13
2167	97	108	29	13	2020-10-05	13	13
2168	564	121	29	12	2020-10-05	12	13
2169	894	126	29	12	2020-10-05	12	13
2170	620	139	29	12	2020-10-05	12	13
2172	302	147	29	12	2020-10-05	12	13
2173	374	186	29	12	2020-10-05	12	13
2174	1305	198	29	12	2020-10-05	12	13
2175	126	203	29	12	2020-10-05	12	13
2176	1097	211	29	12	2020-10-05	12	13
2177	1067	222	29	12	2020-10-05	12	13
2178	205	230	29	12	2020-10-05	12	13
2179	277	243	29	13	2020-10-05	12	13
2180	1198	255	29	12	2020-10-05	12	13
2182	161	284	29	12	2020-10-05	12	13
2183	986	312	29	12	2020-10-05	12	13
2184	944	319	29	12	2020-10-05	12	13
2185	1170	349	29	12	2020-10-05	12	13
2186	654	353	29	12	2020-10-05	12	13
2187	801	364	29	12	2020-10-05	12	13
2188	1092	388	29	12	2020-10-05	12	13
1874	26	891	25	10	2020-10-05	\N	10
1875	61	904	25	9	2020-10-05	\N	10
1711	654	353	24	9	2020-10-05	\N	10
1878	380	930	25	10	2020-10-05	\N	10
1722	250	479	24	10	2020-10-05	\N	10
1733	1057	550	24	10	2020-10-05	\N	10
1745	1034	632	24	10	2020-10-05	\N	10
1756	712	764	24	10	2020-10-05	\N	10
1757	1250	771	24	10	2020-10-05	\N	10
1759	757	782	24	9	2020-10-05	\N	10
1769	26	891	24	10	2020-10-05	\N	10
1708	986	312	24	9	2020-10-05	9	10
1709	944	319	24	9	2020-10-05	9	10
1710	1170	349	24	9	2020-10-05	9	10
1712	801	364	24	9	2020-10-05	9	10
1713	1092	388	24	9	2020-10-05	9	10
1714	1339	398	24	9	2020-10-05	9	10
1715	618	415	24	9	2020-10-05	9	10
1716	137	434	24	9	2020-10-05	9	10
1717	1251	437	24	9	2020-10-05	9	10
1718	19	441	24	9	2020-10-05	9	10
1719	170	462	24	9	2020-10-05	9	10
1720	208	476	24	9	2020-10-05	9	10
1721	283	476	24	9	2020-10-05	9	10
1723	1049	494	24	9	2020-10-05	9	10
1724	464	497	24	9	2020-10-05	9	10
1725	875	500	24	9	2020-10-05	9	10
1726	208	501	24	9	2020-10-05	9	10
1727	918	502	24	9	2020-10-05	9	10
1728	411	511	24	9	2020-10-05	9	10
1729	580	516	24	9	2020-10-05	9	10
1730	1026	516	24	9	2020-10-05	9	10
1731	960	524	24	9	2020-10-05	9	10
1732	461	530	24	9	2020-10-05	9	10
1734	1229	551	24	9	2020-10-05	9	10
1735	269	553	24	9	2020-10-05	9	10
1736	537	556	24	9	2020-10-05	9	10
1737	349	566	24	9	2020-10-05	9	10
1738	991	577	24	9	2020-10-05	9	10
1739	1105	593	24	9	2020-10-05	9	10
1740	700	595	24	9	2020-10-05	9	10
1741	850	599	24	9	2020-10-05	9	10
1742	180	613	24	9	2020-10-05	9	10
1743	1180	615	24	9	2020-10-05	9	10
1744	1217	630	24	9	2020-10-05	9	10
1746	201	655	24	9	2020-10-05	9	10
1747	790	691	24	9	2020-10-05	9	10
1748	143	701	24	9	2020-10-05	9	10
1749	1033	710	24	9	2020-10-05	9	10
1750	1006	734	24	9	2020-10-05	9	10
1751	800	735	24	9	2020-10-05	9	10
1752	387	736	24	9	2020-10-05	9	10
1753	681	741	24	9	2020-10-05	9	10
1754	1305	759	24	9	2020-10-05	9	10
1755	894	760	24	9	2020-10-05	9	10
1758	732	782	24	9	2020-10-05	9	10
1760	1254	805	24	9	2020-10-05	9	10
1761	252	817	24	9	2020-10-05	9	10
1762	1130	817	24	9	2020-10-05	9	10
1763	71	822	24	9	2020-10-05	9	10
1764	989	828	24	9	2020-10-05	9	10
1765	385	844	24	9	2020-10-05	9	10
1766	595	857	24	9	2020-10-05	9	10
1767	10	877	24	9	2020-10-05	9	10
1768	64	877	24	9	2020-10-05	9	10
1791	1031	75	25	9	2020-10-05	9	10
1792	202	76	25	9	2020-10-05	9	10
1794	723	94	25	9	2020-10-05	9	10
1796	564	121	25	9	2020-10-05	9	10
1797	894	126	25	9	2020-10-05	9	10
1798	620	139	25	9	2020-10-05	9	10
1800	302	147	25	9	2020-10-05	9	10
1801	374	186	25	9	2020-10-05	9	10
1802	1305	198	25	9	2020-10-05	9	10
1803	126	203	25	9	2020-10-05	9	10
1804	1097	211	25	9	2020-10-05	9	10
1806	1067	222	25	9	2020-10-05	9	10
1807	205	230	25	9	2020-10-05	9	10
1809	1198	255	25	9	2020-10-05	9	10
1812	161	284	25	9	2020-10-05	9	10
1813	986	312	25	9	2020-10-05	9	10
1814	944	319	25	9	2020-10-05	9	10
1815	1170	349	25	9	2020-10-05	9	10
1817	801	364	25	9	2020-10-05	9	10
1818	1092	388	25	9	2020-10-05	9	10
1819	1339	398	25	9	2020-10-05	9	10
1820	618	415	25	9	2020-10-05	9	10
1821	137	434	25	9	2020-10-05	9	10
1822	1251	437	25	9	2020-10-05	9	10
1823	19	441	25	9	2020-10-05	9	10
1824	170	462	25	9	2020-10-05	9	10
1825	208	476	25	9	2020-10-05	9	10
1826	283	476	25	9	2020-10-05	9	10
1828	1049	494	25	9	2020-10-05	9	10
1829	464	497	25	9	2020-10-05	9	10
1830	875	500	25	9	2020-10-05	9	10
1831	208	501	25	9	2020-10-05	9	10
1832	918	502	25	9	2020-10-05	9	10
1833	411	511	25	9	2020-10-05	9	10
1834	580	516	25	9	2020-10-05	9	10
1835	1026	516	25	9	2020-10-05	9	10
1836	960	524	25	9	2020-10-05	9	10
1837	461	530	25	9	2020-10-05	9	10
1839	1229	551	25	9	2020-10-05	9	10
1840	269	553	25	9	2020-10-05	9	10
1841	537	556	25	9	2020-10-05	9	10
1842	349	566	25	9	2020-10-05	9	10
1843	991	577	25	9	2020-10-05	9	10
1844	1105	593	25	9	2020-10-05	9	10
1845	700	595	25	9	2020-10-05	9	10
1846	850	599	25	9	2020-10-05	9	10
1847	180	613	25	9	2020-10-05	9	10
1848	1180	615	25	9	2020-10-05	9	10
1849	1217	630	25	9	2020-10-05	9	10
1851	201	655	25	9	2020-10-05	9	10
1852	790	691	25	9	2020-10-05	9	10
1853	143	701	25	9	2020-10-05	9	10
1854	1033	710	25	9	2020-10-05	9	10
1855	1006	734	25	9	2020-10-05	9	10
1856	800	735	25	9	2020-10-05	9	10
1857	387	736	25	9	2020-10-05	9	10
1858	681	741	25	9	2020-10-05	9	10
1859	1305	759	25	9	2020-10-05	9	10
1860	894	760	25	9	2020-10-05	9	10
1863	732	782	25	9	2020-10-05	9	10
1865	1254	805	25	9	2020-10-05	9	10
1866	252	817	25	9	2020-10-05	9	10
1867	1130	817	25	9	2020-10-05	9	10
1868	71	822	25	9	2020-10-05	9	10
1869	989	828	25	9	2020-10-05	9	10
1870	385	844	25	9	2020-10-05	9	10
1871	595	857	25	9	2020-10-05	9	10
1872	10	877	25	9	2020-10-05	9	10
1873	64	877	25	10	2020-10-05	9	10
1876	911	914	25	9	2020-10-05	9	10
1877	282	919	25	9	2020-10-05	9	10
1879	362	933	25	9	2020-10-05	9	10
1880	966	941	25	9	2020-10-05	9	10
1881	265	943	25	9	2020-10-05	9	10
1882	815	945	25	9	2020-10-05	9	10
1883	1231	952	25	9	2020-10-05	9	10
1884	789	957	25	9	2020-10-05	9	10
1885	481	982	25	9	2020-10-05	9	10
1886	125	993	25	9	2020-10-05	9	10
2262	555	22	30	14	2020-10-05	\N	13
2242	10	877	29	12	2020-10-05	12	13
2243	64	877	29	12	2020-10-05	12	13
2244	26	891	29	12	2020-10-05	13	13
2245	61	904	29	12	2020-10-05	12	13
2246	911	914	29	12	2020-10-05	12	13
2247	282	919	29	12	2020-10-05	12	13
2248	380	930	29	13	2020-10-05	13	13
2249	362	933	29	12	2020-10-05	12	13
2250	966	941	29	12	2020-10-05	12	13
2251	265	943	29	12	2020-10-05	12	13
2252	815	945	29	12	2020-10-05	12	13
2253	1231	952	29	12	2020-10-05	12	13
2254	789	957	29	12	2020-10-05	12	13
2255	481	982	29	12	2020-10-05	12	13
2256	125	993	29	12	2020-10-05	12	13
2257	817	4	30	12	2020-10-05	12	13
2258	880	4	30	12	2020-10-05	12	13
2259	382	8	30	12	2020-10-05	12	13
2260	1172	9	30	12	2020-10-05	12	13
2261	149	11	30	12	2020-10-05	12	13
2263	895	23	30	13	2020-10-05	12	13
2264	100	39	30	12	2020-10-05	12	13
2265	741	47	30	12	2020-10-05	12	13
2266	76	58	30	12	2020-10-05	12	13
2267	864	62	30	12	2020-10-05	12	13
2268	266	66	30	12	2020-10-05	12	13
2269	1014	67	30	12	2020-10-05	12	13
2270	60	68	30	12	2020-10-05	12	13
2271	985	68	30	12	2020-10-05	12	13
2272	1145	72	30	12	2020-10-05	12	13
2358	858	595	30	12	2020-10-05	\N	13
2399	1267	868	30	12	2020-10-05	\N	13
2191	137	434	29	12	2020-10-05	12	13
2192	1251	437	29	12	2020-10-05	12	13
2193	19	441	29	12	2020-10-05	12	13
2194	170	462	29	12	2020-10-05	12	13
2195	208	476	29	12	2020-10-05	12	13
2196	283	476	29	12	2020-10-05	12	13
2197	250	479	29	13	2020-10-05	13	13
2198	1049	494	29	12	2020-10-05	12	13
2199	464	497	29	12	2020-10-05	12	13
2200	875	500	29	12	2020-10-05	12	13
2201	208	501	29	12	2020-10-05	12	13
2202	918	502	29	12	2020-10-05	12	13
2203	411	511	29	12	2020-10-05	12	13
2204	580	516	29	12	2020-10-05	12	13
2205	1026	516	29	12	2020-10-05	12	13
2206	960	524	29	12	2020-10-05	12	13
2207	461	530	29	12	2020-10-05	12	13
2208	1057	550	29	13	2020-10-05	13	13
2209	1229	551	29	12	2020-10-05	12	13
2210	269	553	29	12	2020-10-05	12	13
2211	537	556	29	12	2020-10-05	12	13
2212	349	566	29	12	2020-10-05	12	13
2213	991	577	29	12	2020-10-05	12	13
2214	1105	593	29	12	2020-10-05	12	13
2215	700	595	29	12	2020-10-05	12	13
2216	850	599	29	12	2020-10-05	12	13
2217	180	613	29	12	2020-10-05	12	13
2218	1180	615	29	12	2020-10-05	12	13
2219	1217	630	29	12	2020-10-05	12	13
2220	1034	632	29	12	2020-10-05	12	13
2221	201	655	29	12	2020-10-05	12	13
2222	790	691	29	12	2020-10-05	12	13
2223	143	701	29	12	2020-10-05	12	13
2224	1033	710	29	12	2020-10-05	12	13
2225	1006	734	29	12	2020-10-05	12	13
2226	800	735	29	12	2020-10-05	12	13
2227	387	736	29	12	2020-10-05	12	13
2228	681	741	29	12	2020-10-05	12	13
2229	1305	759	29	12	2020-10-05	12	13
2230	894	760	29	12	2020-10-05	12	13
2232	1250	771	29	13	2020-10-05	13	13
2233	732	782	29	12	2020-10-05	12	13
2234	757	782	29	12	2020-10-05	12	13
2235	1254	805	29	12	2020-10-05	12	13
2236	252	817	29	12	2020-10-05	12	13
2237	1130	817	29	12	2020-10-05	12	13
2238	71	822	29	12	2020-10-05	12	13
2239	989	828	29	12	2020-10-05	12	13
2240	385	844	29	12	2020-10-05	12	13
2241	595	857	29	12	2020-10-05	12	13
2273	211	73	30	12	2020-10-05	12	13
2274	412	86	30	12	2020-10-05	12	13
2275	377	87	30	12	2020-10-05	12	13
2276	647	89	30	12	2020-10-05	12	13
2277	779	102	30	12	2020-10-05	12	13
2278	1149	106	30	12	2020-10-05	12	13
2279	653	118	30	12	2020-10-05	12	13
2280	928	119	30	12	2020-10-05	12	13
2281	1007	135	30	12	2020-10-05	12	13
2282	1301	136	30	12	2020-10-05	12	13
2283	9	146	30	12	2020-10-05	12	13
2284	125	146	30	12	2020-10-05	12	13
2285	610	149	30	12	2020-10-05	12	13
2286	272	164	30	12	2020-10-05	12	13
2287	185	168	30	12	2020-10-05	12	13
2288	801	182	30	12	2020-10-05	12	13
2289	609	183	30	12	2020-10-05	12	13
2290	647	198	30	12	2020-10-05	12	13
2291	132	199	30	12	2020-10-05	12	13
2292	178	202	30	12	2020-10-05	12	13
2293	1039	216	30	12	2020-10-05	12	13
2294	1290	220	30	12	2020-10-05	12	13
2295	958	229	30	12	2020-10-05	12	13
2296	162	239	30	12	2020-10-05	12	13
2297	494	246	30	12	2020-10-05	12	13
2298	1318	251	30	12	2020-10-05	12	13
2299	1320	279	30	12	2020-10-05	12	13
2300	101	288	30	12	2020-10-05	12	13
2301	318	294	30	13	2020-10-05	13	13
2302	1208	305	30	12	2020-10-05	12	13
2303	51	310	30	12	2020-10-05	12	13
2304	585	315	30	12	2020-10-05	12	13
2305	467	317	30	12	2020-10-05	12	13
2306	1001	324	30	12	2020-10-05	12	13
2307	1319	326	30	12	2020-10-05	12	13
2308	209	332	30	12	2020-10-05	12	13
2309	337	335	30	12	2020-10-05	12	13
2310	1091	336	30	12	2020-10-05	12	13
2311	654	337	30	12	2020-10-05	12	13
2312	1138	340	30	12	2020-10-05	12	13
2313	620	345	30	12	2020-10-05	12	13
2314	1220	356	30	12	2020-10-05	12	13
2315	728	362	30	12	2020-10-05	12	13
2316	1071	369	30	12	2020-10-05	12	13
2317	1095	377	30	12	2020-10-05	12	13
2318	375	399	30	13	2020-10-05	13	13
2319	799	400	30	12	2020-10-05	12	13
2320	49	401	30	12	2020-10-05	12	13
2321	719	403	30	12	2020-10-05	12	13
2322	1204	407	30	12	2020-10-05	12	13
2323	1271	408	30	12	2020-10-05	12	13
2324	454	409	30	12	2020-10-05	12	13
2325	925	411	30	12	2020-10-05	12	13
2326	544	419	30	12	2020-10-05	12	13
2327	359	420	30	12	2020-10-05	12	13
2328	997	426	30	12	2020-10-05	12	13
2329	1255	428	30	13	2020-10-05	13	13
2330	1070	429	30	12	2020-10-05	12	13
2331	782	435	30	13	2020-10-05	13	13
2332	557	436	30	12	2020-10-05	12	13
2333	270	438	30	12	2020-10-05	12	13
2334	379	441	30	12	2020-10-05	12	13
2335	952	456	30	12	2020-10-05	12	13
2336	192	478	30	12	2020-10-05	12	13
2337	460	487	30	12	2020-10-05	12	13
2338	395	489	30	12	2020-10-05	12	13
2339	558	491	30	12	2020-10-05	12	13
2340	481	498	30	12	2020-10-05	12	13
2341	1177	510	30	12	2020-10-05	12	13
2342	313	516	30	12	2020-10-05	12	13
2343	67	526	30	12	2020-10-05	12	13
2344	510	527	30	12	2020-10-05	12	13
2345	959	532	30	13	2020-10-05	13	13
2346	1292	533	30	12	2020-10-05	12	13
2347	926	538	30	12	2020-10-05	12	13
2348	126	551	30	12	2020-10-05	12	13
2349	64	555	30	12	2020-10-05	12	13
2350	435	559	30	12	2020-10-05	12	13
2351	998	559	30	12	2020-10-05	12	13
2352	511	563	30	12	2020-10-05	12	13
2353	1238	571	30	12	2020-10-05	12	13
2354	305	575	30	12	2020-10-05	12	13
2355	168	579	30	12	2020-10-05	12	13
2356	381	583	30	13	2020-10-05	13	13
2357	1059	587	30	12	2020-10-05	12	13
2359	639	596	30	12	2020-10-05	12	13
2360	760	596	30	12	2020-10-05	12	13
2361	724	602	30	12	2020-10-05	12	13
2362	557	608	30	12	2020-10-05	12	13
2363	47	617	30	12	2020-10-05	12	13
2364	156	618	30	12	2020-10-05	12	13
2365	1219	626	30	13	2020-10-05	13	13
2366	296	628	30	12	2020-10-05	12	13
2367	415	647	30	12	2020-10-05	12	13
2368	942	659	30	13	2020-10-05	13	13
2369	658	665	30	12	2020-10-05	12	13
2370	365	668	30	12	2020-10-05	12	13
2371	446	680	30	12	2020-10-05	12	13
2372	671	682	30	12	2020-10-05	12	13
2373	656	701	30	12	2020-10-05	12	13
2374	783	704	30	12	2020-10-05	12	13
2375	799	705	30	12	2020-10-05	12	13
2376	65	725	30	12	2020-10-05	12	13
2377	1136	725	30	12	2020-10-05	12	13
2378	301	726	30	13	2020-10-05	12	13
2379	709	734	30	12	2020-10-05	12	13
2380	435	737	30	12	2020-10-05	12	13
2381	55	738	30	12	2020-10-05	12	13
2382	907	747	30	12	2020-10-05	12	13
2383	1136	748	30	12	2020-10-05	12	13
2384	190	757	30	12	2020-10-05	12	13
2385	383	763	30	12	2020-10-05	12	13
2386	602	763	30	12	2020-10-05	12	13
2387	1296	772	30	12	2020-10-05	12	13
2388	1064	779	30	14	2020-10-05	12	13
2389	1192	815	30	12	2020-10-05	12	13
2390	1107	828	30	12	2020-10-05	12	13
2391	260	831	30	12	2020-10-05	12	13
2392	1228	834	30	12	2020-10-05	12	13
2393	71	837	30	12	2020-10-05	12	13
2394	805	846	30	12	2020-10-05	12	13
2395	222	850	30	12	2020-10-05	12	13
2396	611	851	30	12	2020-10-05	12	13
2397	749	856	30	12	2020-10-05	12	13
2398	123	859	30	12	2020-10-05	12	13
2400	718	876	30	12	2020-10-05	12	13
2401	993	891	30	12	2020-10-05	12	13
2402	846	896	30	12	2020-10-05	12	13
2403	221	899	30	12	2020-10-05	12	13
2404	1166	908	30	12	2020-10-05	12	13
2405	321	915	30	12	2020-10-05	12	13
2406	489	918	30	12	2020-10-05	12	13
2407	1134	927	30	12	2020-10-05	12	13
2408	584	929	30	12	2020-10-05	12	13
2409	279	932	30	12	2020-10-05	12	13
2410	127	939	30	12	2020-10-05	12	13
2411	34	946	30	12	2020-10-05	12	13
2412	879	947	30	12	2020-10-05	12	13
2413	379	955	30	13	2020-10-05	13	13
2414	547	978	30	12	2020-10-05	12	13
2415	343	988	30	12	2020-10-05	12	13
2416	1261	989	30	12	2020-10-05	12	13
2417	1208	994	30	12	2020-10-05	12	13
2418	720	1004	30	12	2020-10-05	12	13
\.


--
-- Data for Name: scell_feature; Type: TABLE DATA; Schema: public; Owner: fluoj
--

COPY public.scell_feature (idscell, idfeature, value) FROM stdin;
1677	9	198.9888697007091
1677	25	53.97148895263672
1677	1	491
1677	21	265
1678	9	201.21484709619003
1678	25	55.68720245361328
1678	21	235
1678	1	422
1679	9	198.71461213515073
1679	1	513
1679	25	53.60623550415039
1679	21	275
1680	1	510
1680	21	274
1680	9	198.45373837373234
1680	25	53.725494384765625
1681	25	54.35203170776367
1681	1	517
1681	9	198.81966985652315
1681	21	281
1682	25	53.093814849853516
1682	1	501
1682	9	198.27477959527
1682	21	266
1683	25	55.648536682128906
1683	9	200.5854037164729
1683	21	266
1683	1	478
1684	9	161.61094932993782
1684	1	1041
1684	25	23.823246002197266
1684	21	248
1685	1	816
1685	9	152.95857202164893
1685	21	143
1685	25	17.52450942993164
1686	1	556
1686	9	195.68772841023963
1686	21	285
1686	25	51.258995056152344
1687	21	271
1687	25	52.9296875
1687	9	196.4712824912333
1687	1	512
1688	25	28.75817108154297
1688	9	167.62559821360992
1688	21	220
1688	1	765
1689	25	52.49041748046875
1689	9	197.32266882490697
1689	21	274
1689	1	522
1690	21	126
1690	1	707
1690	9	152.97628108389034
1690	25	17.8217830657959
1691	21	290
1691	9	197.25751051492426
1691	25	52.727272033691406
1691	1	550
1692	25	53.93053436279297
1692	9	199.01251648693946
1692	21	295
1692	1	547
1693	21	266
1693	9	199.72992545222135
1693	1	487
1693	25	54.62012481689453
1694	1	896
1694	25	59.375
1694	21	532
1694	9	205.94194797927886
1695	21	253
1695	9	196.7387817017014
1695	25	52.8183708190918
1695	1	479
1696	1	472
1696	25	55.29661178588867
1696	21	261
1696	9	200.4249510838138
1697	9	198.90447351262196
1697	25	53.54166793823242
1697	1	480
1697	21	257
1698	25	54.525386810302734
1698	21	247
1698	1	453
1698	9	199.05951055330627
1699	21	270
1699	9	198.11835646480824
1699	25	53.46534729003906
1699	1	505
1700	25	43.40949249267578
1700	1	1138
1700	9	186.40080264503567
1700	21	494
1701	1	507
1701	21	270
1701	9	197.53684399050172
1701	25	53.25443649291992
1702	1	510
1702	21	263
1702	25	51.568626403808594
1702	9	196.5961023290655
1703	25	14.828898429870605
1703	21	117
1703	9	147.6541363447742
1703	1	789
1704	9	196.31676766727475
1704	21	262
1704	25	51.881187438964844
1704	1	505
1705	25	39.195980072021484
1705	21	390
1705	9	181.5239259116879
1705	1	995
1706	1	1075
1706	9	179.88672921824224
1706	21	404
1706	25	37.581398010253906
1707	21	233
1707	1	449
1707	9	195.86246936110967
1707	25	51.893096923828125
1708	25	55.19231033325195
1708	21	287
1708	1	520
1708	9	200.10228634375972
1709	25	51.96428298950195
1709	21	291
1709	9	196.15276025879132
1709	1	560
1710	25	52.73069763183594
1710	21	280
1710	1	531
1710	9	197.13328728727043
1711	1	750
1711	9	203.10832577715763
1711	25	56.93333053588867
1711	21	427
1712	9	197.5981627752033
1712	1	501
1712	21	264
1712	25	52.69461441040039
1713	9	198.1049087032441
1713	1	474
1713	25	53.58649444580078
1713	21	254
1714	1	670
1714	21	378
1714	25	56.417911529541016
1714	9	202.31741722707127
1715	21	401
1715	25	56.241233825683594
1715	9	201.72258873276706
1715	1	713
1716	25	51.619869232177734
1716	21	239
1716	9	195.29273038174463
1716	1	463
1717	25	50.989013671875
1717	21	232
1717	1	455
1717	9	196.899656488463
1718	25	50.71428298950195
1718	1	420
1718	21	213
1718	9	194.16915183367703
1719	25	52.991455078125
1719	9	196.73125840645667
1719	1	468
1719	21	248
1720	21	241
1720	9	192.8169169178161
1720	25	49.48665237426758
1720	1	487
1721	9	197.81407922058582
1721	1	483
1721	25	53.830230712890625
1721	21	260
1722	25	10.286677360534668
1722	21	61
1722	1	593
1722	9	137.2449650750386
1723	1	501
1723	9	195.5144194773186
1723	21	259
1723	25	51.69660568237305
1724	9	193.61789625070642
1724	25	49.516441345214844
1724	1	517
1724	21	256
1725	21	260
1725	1	512
1725	9	195.28218764777293
1725	25	50.78125
1726	9	197.87817962727155
1726	25	53.42465591430664
1726	1	438
1726	21	234
1727	9	200.18356482820758
1727	21	266
1727	1	483
1727	25	55.07246398925781
1728	21	251
1728	25	50.809715270996094
1728	1	494
1728	9	195.01680608570751
1729	9	196.6183961717801
1729	1	509
1729	21	265
1729	25	52.062870025634766
1730	1	492
1730	21	251
1730	25	51.016258239746094
1730	9	194.96388554464815
1731	1	476
1731	21	264
1731	25	55.462188720703125
1731	9	199.72049797385438
1732	1	487
1732	21	259
1732	9	197.54904779159924
1732	25	53.1827507019043
1733	1	786
1733	25	28.371501922607422
1733	9	166.7195386874396
1733	21	223
1734	25	53.017242431640625
1734	21	246
1734	9	197.40458738512044
1734	1	464
1735	9	193.12453050418048
1735	21	218
1735	1	439
1735	25	49.6583137512207
1736	25	53.526973724365234
1736	1	482
1736	9	198.08019981857342
1736	21	258
1737	21	234
1737	9	199.4703114556771
1737	25	54.800941467285156
1737	1	427
1738	1	492
1738	25	51.219512939453125
1738	9	195.86817368683108
1738	21	252
1739	9	198.76530552624666
1739	25	54.17559051513672
1739	21	253
1739	1	467
1740	1	514
1740	25	52.91828536987305
1740	9	197.9699501624304
1740	21	272
1741	25	53.94456481933594
1741	9	199.318674242829
1741	1	469
1741	21	253
1742	21	219
1742	1	421
1742	9	195.69026377139173
1742	25	52.01900100708008
1743	25	52.36051559448242
1743	9	196.4374333879658
1743	1	466
1743	21	244
1744	21	240
1744	25	51.61289978027344
1744	1	465
1744	9	195.5680284797105
1745	1	825
1745	21	128
1745	25	15.515151977539062
1745	9	149.26670862262054
1746	9	190.13834400707069
1746	21	203
1746	25	46.774192810058594
1746	1	434
1747	9	193.68764279193712
1747	21	253
1747	25	50.0990104675293
1747	1	505
1748	21	201
1748	1	383
1748	25	52.48041915893555
1748	9	195.17269583895282
1749	9	198.60941388567045
1749	25	54.892601013183594
1749	1	419
1749	21	230
1750	21	235
1750	25	50.976139068603516
1750	9	194.42856926552162
1750	1	461
1751	1	448
1751	25	53.34821319580078
1751	9	197.94753205440216
1751	21	239
1752	21	212
1752	25	53.13283157348633
1752	1	399
1752	9	197.31778498320088
1753	1	444
1753	25	51.351348876953125
1753	21	228
1753	9	195.6622503607076
1754	1	453
1754	21	220
1754	9	193.10134707667268
1754	25	48.565120697021484
1755	25	48.8636360168457
1755	9	192.4345461331061
1755	21	215
1755	1	440
1756	9	162.23248537313611
1756	1	754
1756	21	181
1756	25	24.005306243896484
1757	1	284
1757	25	22.18309783935547
1757	9	153.55418367450514
1757	21	63
1758	1	483
1758	25	52.173912048339844
1758	21	252
1758	9	196.96811125916315
1759	21	240
1759	9	179.66014621724335
1759	1	634
1759	25	37.854888916015625
1760	1	435
1760	21	220
1760	9	195.05787528998587
1760	25	50.57471466064453
1761	1	429
1761	9	188.80113117475523
1761	21	199
1761	25	46.38694381713867
1762	25	50.80831527709961
1762	21	220
1762	9	194.85777960481158
1762	1	433
1763	25	45.378150939941406
1763	9	187.560305894768
1763	1	357
1763	21	162
1764	25	50.23147964477539
1764	1	432
1764	21	217
1764	9	195.6148781548979
1765	9	190.4336967480883
1765	21	199
1765	25	47.380950927734375
1765	1	420
1766	1	411
1766	21	204
1766	9	193.2867025734763
1766	25	49.63503646850586
1767	9	190.3470763990634
1767	1	316
1767	25	47.46835708618164
1767	21	150
1768	9	188.8363204311567
1768	21	174
1768	25	46.774192810058594
1768	1	372
1769	21	101
1769	25	28.450702667236328
1769	9	164.07904312972514
1769	1	355
1770	21	156
1770	9	184.89189753503177
1770	25	42.97520446777344
1770	1	363
1771	25	48.17170333862305
1771	9	192.2286330825576
1771	1	629
1771	21	303
1772	25	47.48603439331055
1772	9	190.57766492617935
1772	1	358
1772	21	170
1773	1	380
1773	9	160.49919658759404
1773	25	23.157894134521484
1773	21	88
1774	21	203
1774	9	194.19465386828352
1774	1	401
1774	25	50.62343978881836
1775	1	425
1775	21	211
1775	25	49.64706039428711
1775	9	193.12289290683765
1776	21	182
1776	9	190.37841413478435
1776	25	47.02842330932617
1776	1	387
1777	1	413
1777	25	47.45762634277344
1777	9	190.62492487991216
1777	21	196
1778	9	190.33308656339656
1778	21	204
1778	1	427
1778	25	47.775177001953125
1779	21	207
1779	25	47.36842346191406
1779	1	437
1779	9	190.50432285166556
1780	25	50.13333511352539
1780	21	188
1780	9	192.60623735140734
1780	1	375
1781	25	47.04225540161133
1781	9	189.33819507082046
1781	21	167
1781	1	355
1782	21	265
1782	1	491
1782	25	53.97148895263672
1782	9	198.9888697007091
1783	1	422
1783	25	55.68720245361328
1783	9	201.21484709619003
1783	21	235
1784	21	275
1784	25	53.60623550415039
1784	9	198.71461213515073
1784	1	513
1785	21	274
1785	1	510
1785	25	53.725494384765625
1785	9	198.45373837373234
1786	1	517
1786	25	54.35203170776367
1786	9	198.81966985652315
1786	21	281
1787	1	501
1787	21	266
1787	9	198.27477959527
1787	25	53.093814849853516
1788	9	200.5854037164729
1788	1	478
1788	21	266
1788	25	55.648536682128906
1789	21	248
1789	25	23.823246002197266
1789	9	161.61094932993782
1789	1	1041
1790	9	152.95857202164893
1790	1	816
1790	25	17.52450942993164
1790	21	143
1791	21	285
1791	9	195.68772841023963
1791	1	556
1791	25	51.258995056152344
1792	25	52.9296875
1792	1	512
1792	21	271
1792	9	196.4712824912333
1793	1	765
1793	9	167.62559821360992
1793	25	28.75817108154297
1793	21	220
1794	21	274
1794	1	522
1794	9	197.32266882490697
1794	25	52.49041748046875
1795	25	17.8217830657959
1795	9	152.97628108389034
1795	1	707
1795	21	126
1796	9	197.25751051492426
1796	1	550
1796	21	290
1796	25	52.727272033691406
1797	25	53.93053436279297
1797	9	199.01251648693946
1797	1	547
1797	21	295
1798	25	54.62012481689453
1798	21	266
1798	1	487
1798	9	199.72992545222135
1799	25	59.375
1799	21	532
1799	9	205.94194797927886
1799	1	896
1800	1	479
1800	25	52.8183708190918
1800	9	196.7387817017014
1800	21	253
1801	9	200.4249510838138
1801	25	55.29661178588867
1801	21	261
1801	1	472
1802	21	257
1802	25	53.54166793823242
1802	1	480
1802	9	198.90447351262196
1803	1	453
1803	9	199.05951055330627
1803	25	54.525386810302734
1803	21	247
1804	1	505
1804	25	53.46534729003906
1804	9	198.11835646480824
1804	21	270
1805	1	1138
1805	25	43.40949249267578
1805	21	494
1805	9	186.40080264503567
1806	25	53.25443649291992
1806	21	270
1806	1	507
1806	9	197.53684399050172
1807	1	510
1807	25	51.568626403808594
1807	21	263
1807	9	196.5961023290655
1808	9	147.6541363447742
1808	25	14.828898429870605
1808	1	789
1808	21	117
1809	1	505
1809	21	262
1809	9	196.31676766727475
1809	25	51.881187438964844
1810	25	39.195980072021484
1810	21	390
1810	1	995
1810	9	181.5239259116879
1811	25	37.581398010253906
1811	1	1075
1811	21	404
1811	9	179.88672921824224
1812	9	195.86246936110967
1812	21	233
1812	25	51.893096923828125
1812	1	449
1813	25	55.19231033325195
1813	21	287
1813	9	200.10228634375972
1813	1	520
1814	1	560
1814	9	196.15276025879132
1814	21	291
1814	25	51.96428298950195
1815	9	197.13328728727043
1815	25	52.73069763183594
1815	21	280
1815	1	531
1816	1	750
1816	21	427
1816	9	203.10832577715763
1816	25	56.93333053588867
1817	1	501
1817	9	197.5981627752033
1817	21	264
1817	25	52.69461441040039
1818	21	254
1818	1	474
1818	25	53.58649444580078
1818	9	198.1049087032441
1819	25	56.417911529541016
1819	21	378
1819	1	670
1819	9	202.31741722707127
1820	1	713
1820	25	56.241233825683594
1820	21	401
1820	9	201.72258873276706
1821	21	239
1821	25	51.619869232177734
1821	1	463
1821	9	195.29273038174463
1822	21	232
1822	9	196.899656488463
1822	25	50.989013671875
1822	1	455
1823	25	50.71428298950195
1823	1	420
1823	21	213
1823	9	194.16915183367703
1824	9	196.73125840645667
1824	25	52.991455078125
1824	1	468
1824	21	248
1825	9	192.8169169178161
1825	21	241
1825	25	49.48665237426758
1825	1	487
1826	25	53.830230712890625
1826	21	260
1826	1	483
1826	9	197.81407922058582
1827	21	61
1827	1	593
1827	25	10.286677360534668
1827	9	137.2449650750386
1828	21	259
1828	25	51.69660568237305
1828	9	195.5144194773186
1828	1	501
1829	25	49.516441345214844
1829	9	193.61789625070642
1829	21	256
1829	1	517
1830	25	50.78125
1830	9	195.28218764777293
1830	21	260
1830	1	512
1831	9	197.87817962727155
1831	25	53.42465591430664
1831	1	438
1831	21	234
1832	1	483
1832	25	55.07246398925781
1832	21	266
1832	9	200.18356482820758
1833	9	195.01680608570751
1833	1	494
1833	21	251
1833	25	50.809715270996094
1834	1	509
1834	21	265
1834	9	196.6183961717801
1834	25	52.062870025634766
1835	1	492
1835	9	194.96388554464815
1835	25	51.016258239746094
1835	21	251
1836	1	476
1836	9	199.72049797385438
1836	25	55.462188720703125
1836	21	264
1837	1	487
1837	25	53.1827507019043
1837	21	259
1837	9	197.54904779159924
1838	25	28.371501922607422
1838	1	786
1838	9	166.7195386874396
1838	21	223
1839	1	464
1839	9	197.40458738512044
1839	21	246
1839	25	53.017242431640625
1840	25	49.6583137512207
1840	21	218
1840	1	439
1840	9	193.12453050418048
1841	1	482
1841	21	258
1841	9	198.08019981857342
1841	25	53.526973724365234
1842	25	54.800941467285156
1842	9	199.4703114556771
1842	1	427
1842	21	234
1843	21	252
1843	1	492
1843	25	51.219512939453125
1843	9	195.86817368683108
1844	25	54.17559051513672
1844	1	467
1844	21	253
1844	9	198.76530552624666
1845	21	272
1845	25	52.91828536987305
1845	9	197.9699501624304
1845	1	514
1846	1	469
1846	21	253
1846	25	53.94456481933594
1846	9	199.318674242829
1847	9	195.69026377139173
1847	1	421
1847	25	52.01900100708008
1847	21	219
1848	1	466
1848	21	244
1848	25	52.36051559448242
1848	9	196.4374333879658
1849	9	195.5680284797105
1849	21	240
1849	25	51.61289978027344
1849	1	465
1850	1	825
1850	21	128
1850	9	149.26670862262054
1850	25	15.515151977539062
1851	25	46.774192810058594
1851	1	434
1851	9	190.13834400707069
1851	21	203
1852	1	505
1852	25	50.0990104675293
1852	9	193.68764279193712
1852	21	253
1853	9	195.17269583895282
1853	21	201
1853	25	52.48041915893555
1853	1	383
1854	1	419
1854	21	230
1854	9	198.60941388567045
1854	25	54.892601013183594
1855	1	461
1855	21	235
1855	9	194.42856926552162
1855	25	50.976139068603516
1856	25	53.34821319580078
1856	21	239
1856	9	197.94753205440216
1856	1	448
1857	9	197.31778498320088
1857	25	53.13283157348633
1857	1	399
1857	21	212
1858	9	195.6622503607076
1858	25	51.351348876953125
1858	1	444
1858	21	228
1859	21	220
1859	1	453
1859	25	48.565120697021484
1859	9	193.10134707667268
1860	1	440
1860	25	48.8636360168457
1860	9	192.4345461331061
1860	21	215
1861	25	24.005306243896484
1861	1	754
1861	9	162.23248537313611
1861	21	181
1862	1	284
1862	21	63
1862	9	153.55418367450514
1862	25	22.18309783935547
1863	25	52.173912048339844
1863	1	483
1863	21	252
1863	9	196.96811125916315
1864	1	634
1864	25	37.854888916015625
1864	9	179.66014621724335
1864	21	240
1865	9	195.05787528998587
1865	1	435
1865	25	50.57471466064453
1865	21	220
1866	25	46.38694381713867
1866	21	199
1866	9	188.80113117475523
1866	1	429
1867	9	194.85777960481158
1867	1	433
1867	25	50.80831527709961
1867	21	220
1868	21	162
1868	25	45.378150939941406
1868	1	357
1868	9	187.560305894768
1869	9	195.6148781548979
1869	1	432
1869	21	217
1869	25	50.23147964477539
1870	9	190.4336967480883
1870	21	199
1870	25	47.380950927734375
1870	1	420
1871	1	411
1871	9	193.2867025734763
1871	25	49.63503646850586
1871	21	204
1872	1	316
1872	21	150
1872	25	47.46835708618164
1872	9	190.3470763990634
1873	21	174
1873	25	46.774192810058594
1873	1	372
1873	9	188.8363204311567
1874	9	164.07904312972514
1874	21	101
1874	25	28.450702667236328
1874	1	355
1875	9	184.89189753503177
1875	21	156
1875	25	42.97520446777344
1875	1	363
1876	21	303
1876	1	629
1876	9	192.2286330825576
1876	25	48.17170333862305
1877	9	190.57766492617935
1877	1	358
1877	25	47.48603439331055
1877	21	170
1878	21	88
1878	25	23.157894134521484
1878	1	380
1878	9	160.49919658759404
1879	25	50.62343978881836
1879	1	401
1879	9	194.19465386828352
1879	21	203
1880	21	211
1880	9	193.12289290683765
1880	25	49.64706039428711
1880	1	425
1881	1	387
1881	21	182
1881	25	47.02842330932617
1881	9	190.37841413478435
1882	9	190.62492487991216
1882	25	47.45762634277344
1882	21	196
1882	1	413
1883	1	427
1883	9	190.33308656339656
1883	25	47.775177001953125
1883	21	204
1884	1	437
1884	9	190.50432285166556
1884	25	47.36842346191406
1884	21	207
1885	9	192.60623735140734
1885	21	188
1885	1	375
1885	25	50.13333511352539
1886	21	167
1886	1	355
1886	9	189.33819507082046
1886	25	47.04225540161133
2155	1	491
2155	9	198.9888697007091
2155	21	265
2156	21	235
2156	1	422
2156	9	201.21484709619003
2157	9	198.71461213515073
2157	21	275
2157	1	513
2158	21	274
2158	1	510
2158	9	198.45373837373234
2159	21	281
2159	9	198.81966985652315
2159	1	517
2160	9	198.27477959527
2160	21	266
2160	1	501
2161	21	266
2161	1	478
2161	9	200.5854037164729
2162	21	143
2162	1	816
2162	9	152.95857202164893
2163	9	195.68772841023963
2163	1	556
2163	21	285
2164	9	196.4712824912333
2164	21	271
2164	1	512
2165	1	765
2165	9	167.62559821360992
2165	21	220
2166	1	522
2166	9	197.32266882490697
2166	21	274
2167	21	126
2167	9	152.97628108389034
2167	1	707
2168	9	197.25751051492426
2168	1	550
2168	21	290
2169	9	199.01251648693946
2169	1	547
2169	21	295
2170	9	199.72992545222135
2170	21	266
2170	1	487
2171	1	896
2171	9	205.94194797927886
2171	21	532
2172	1	479
2172	21	253
2172	9	196.7387817017014
2173	9	200.4249510838138
2173	21	261
2173	1	472
2174	21	257
2174	1	480
2174	9	198.90447351262196
2175	21	247
2175	1	453
2175	9	199.05951055330627
2176	21	270
2176	1	505
2176	9	198.11835646480824
2177	9	197.53684399050172
2177	1	507
2177	21	270
2178	1	510
2178	21	263
2178	9	196.5961023290655
2179	21	117
2179	9	147.6541363447742
2179	1	789
2180	1	505
2180	21	262
2180	9	196.31676766727475
2181	9	181.5239259116879
2181	21	390
2181	1	995
2182	1	449
2182	21	233
2182	9	195.86246936110967
2183	9	200.10228634375972
2183	1	520
2183	21	287
2184	1	560
2184	9	196.15276025879132
2184	21	291
2185	21	280
2185	1	531
2185	9	197.13328728727043
2186	1	750
2186	21	427
2186	9	203.10832577715763
2187	9	197.5981627752033
2187	1	501
2187	21	264
2188	1	474
2188	21	254
2188	9	198.1049087032441
2189	21	378
2189	1	670
2189	9	202.31741722707127
2190	9	201.72258873276706
2190	21	401
2190	1	713
2191	1	463
2191	9	195.29273038174463
2191	21	239
2192	21	232
2192	9	196.899656488463
2192	1	455
2193	1	420
2193	9	194.16915183367703
2193	21	213
2194	21	248
2194	1	468
2194	9	196.73125840645667
2195	21	241
2195	9	192.8169169178161
2195	1	487
2196	9	197.81407922058582
2196	1	483
2196	21	260
2197	21	61
2197	1	593
2197	9	137.2449650750386
2198	21	259
2198	9	195.5144194773186
2198	1	501
2199	9	193.61789625070642
2199	1	517
2199	21	256
2200	1	512
2200	9	195.28218764777293
2200	21	260
2201	9	197.87817962727155
2201	21	234
2201	1	438
2202	1	483
2202	9	200.18356482820758
2202	21	266
2203	9	195.01680608570751
2203	1	494
2203	21	251
2204	9	196.6183961717801
2204	21	265
2204	1	509
2205	9	194.96388554464815
2205	21	251
2205	1	492
2206	9	199.72049797385438
2206	21	264
2206	1	476
2207	1	487
2207	9	197.54904779159924
2207	21	259
2208	9	166.7195386874396
2208	1	786
2208	21	223
2209	1	464
2209	9	197.40458738512044
2209	21	246
2210	9	193.12453050418048
2210	21	218
2210	1	439
2211	21	258
2211	1	482
2211	9	198.08019981857342
2212	1	427
2212	9	199.4703114556771
2212	21	234
2213	1	492
2213	9	195.86817368683108
2213	21	252
2214	9	198.76530552624666
2214	1	467
2214	21	253
2215	21	272
2215	1	514
2215	9	197.9699501624304
2216	1	469
2216	21	253
2216	9	199.318674242829
2217	21	219
2217	9	195.69026377139173
2217	1	421
2218	21	244
2218	9	196.4374333879658
2218	1	466
2219	21	240
2219	1	465
2219	9	195.5680284797105
2220	21	128
2220	9	149.26670862262054
2220	1	825
2221	1	434
2221	9	190.13834400707069
2221	21	203
2222	21	253
2222	1	505
2222	9	193.68764279193712
2223	21	201
2223	1	383
2223	9	195.17269583895282
2224	1	419
2224	9	198.60941388567045
2224	21	230
2225	21	235
2225	1	461
2225	9	194.42856926552162
2226	21	239
2226	1	448
2226	9	197.94753205440216
2227	21	212
2227	9	197.31778498320088
2227	1	399
2228	1	444
2228	21	228
2228	9	195.6622503607076
2229	21	220
2229	1	453
2229	9	193.10134707667268
2230	9	192.4345461331061
2230	21	215
2230	1	440
2231	9	162.23248537313611
2231	21	181
2231	1	754
2232	21	63
2232	1	284
2232	9	153.55418367450514
2233	21	252
2233	1	483
2233	9	196.96811125916315
2234	9	179.66014621724335
2234	21	240
2234	1	634
2235	21	220
2235	9	195.05787528998587
2235	1	435
2236	1	429
2236	9	188.80113117475523
2236	21	199
2237	9	194.85777960481158
2237	21	220
2237	1	433
2238	1	357
2238	9	187.560305894768
2238	21	162
2239	9	195.6148781548979
2239	1	432
2239	21	217
2240	1	420
2240	21	199
2240	9	190.4336967480883
2241	1	411
2241	21	204
2241	9	193.2867025734763
2242	21	150
2242	9	190.3470763990634
2242	1	316
2243	1	372
2243	21	174
2243	9	188.8363204311567
2244	1	355
2244	9	164.07904312972514
2244	21	101
2245	21	156
2245	9	184.89189753503177
2245	1	363
2246	1	629
2246	9	192.2286330825576
2246	21	303
2247	9	190.57766492617935
2247	21	170
2247	1	358
2248	1	380
2248	9	160.49919658759404
2248	21	88
2249	21	203
2249	9	194.19465386828352
2249	1	401
2250	9	193.12289290683765
2250	21	211
2250	1	425
2251	1	387
2251	21	182
2251	9	190.37841413478435
2252	21	196
2252	9	190.62492487991216
2252	1	413
2253	1	427
2253	9	190.33308656339656
2253	21	204
2254	9	190.50432285166556
2254	1	437
2254	21	207
2255	1	375
2255	21	188
2255	9	192.60623735140734
2256	1	355
2256	9	189.33819507082046
2256	21	167
2257	1	388
2257	21	254
2257	9	213.81370757365337
2258	9	212.32170116285567
2258	1	418
2258	21	266
2259	21	239
2259	1	371
2259	9	212.93090131109116
2260	1	427
2260	9	210.03941305176227
2260	21	265
2261	9	214.1204353782255
2261	1	378
2261	21	249
2262	1	874
2262	21	622
2262	9	221.26262649978537
2263	1	714
2263	21	256
2263	9	176.92009464149396
2264	1	348
2264	9	212.8070263402271
2264	21	225
2265	1	375
2265	9	215.0065487374745
2265	21	245
2266	21	211
2266	9	212.66925413994784
2266	1	326
2267	9	214.46784364689552
2267	1	386
2267	21	256
2268	9	205.75434231800807
2268	21	238
2268	1	405
2269	21	260
2269	9	211.91295840921947
2269	1	412
2270	1	377
2270	9	210.0553987809625
2270	21	234
2271	9	210.63634789046162
2271	21	286
2271	1	456
2272	21	259
2272	1	429
2272	9	208.05162865615878
2273	9	208.5916499761929
2273	1	382
2273	21	236
2274	1	394
2274	9	214.07858868177289
2274	21	261
2275	21	227
2275	1	377
2275	9	207.29588407485727
2276	1	382
2276	21	255
2276	9	215.58399317941777
2277	9	213.3390899069411
2277	21	241
2277	1	379
2278	1	406
2278	21	257
2278	9	211.21701654653143
2279	1	396
2279	21	250
2279	9	212.10923072222897
2280	9	208.34181759415273
2280	1	409
2280	21	248
2281	21	248
2281	9	201.3094140277882
2281	1	454
2282	1	410
2282	9	210.70277875626073
2282	21	254
2283	9	212.24549599033148
2283	21	228
2283	1	352
2284	21	241
2284	1	385
2284	9	210.06706412136916
2285	9	212.83901618009477
2285	21	246
2285	1	376
2286	21	253
2286	1	394
2286	9	210.75653550692857
2287	21	251
2287	9	209.71303471814304
2287	1	404
2288	1	377
2288	21	248
2288	9	214.74973405306483
2289	21	225
2289	1	602
2289	9	180.93999207167278
2290	21	255
2290	1	400
2290	9	212.8597308088122
2291	1	378
2291	21	229
2291	9	208.74438179557535
2292	1	375
2292	9	208.18389947351835
2292	21	227
2293	1	402
2293	9	214.7209574127286
2293	21	265
2294	9	211.4350490129303
2294	21	260
2294	1	409
2295	9	212.65040674478337
2295	21	256
2295	1	399
2296	21	227
2296	9	209.26603573618232
2296	1	369
2297	21	251
2297	9	213.3465551100359
2297	1	388
2298	1	424
2298	9	207.72892009848562
2298	21	256
2299	1	418
2299	9	208.97418626786367
2299	21	254
2300	1	347
2300	21	225
2300	9	212.54228262164048
2301	21	283
2301	1	805
2301	9	174.72840681774764
2302	21	261
2302	9	210.63522400197323
2302	1	415
2303	21	214
2303	9	211.2490327697475
2303	1	338
2304	21	274
2304	9	214.68295863266076
2304	1	418
2305	1	421
2305	21	264
2305	9	211.18031605889868
2306	1	387
2306	21	252
2306	9	212.48049006045412
2307	9	211.12591593869374
2307	1	420
2307	21	266
2308	1	340
2308	9	212.620996694339
2308	21	220
2309	21	245
2309	1	384
2309	9	211.4739875158014
2310	9	211.38280440944104
2310	21	255
2310	1	400
2311	1	440
2311	21	282
2311	9	212.2805123158763
2312	21	263
2312	1	412
2312	9	212.56954316084807
2313	1	408
2313	9	212.87361043494295
2313	21	263
2314	21	211
2314	1	520
2314	9	182.34445426170768
2315	9	211.25862226061224
2315	1	438
2315	21	274
2316	9	210.4917405356411
2316	21	268
2316	1	427
2317	9	209.80476057202668
2317	1	426
2317	21	261
2318	9	156.93355194485147
2318	21	75
2318	1	365
2319	9	211.61216824787485
2319	1	441
2319	21	281
2320	9	210.41279836142505
2320	21	219
2320	1	350
2321	9	216.52226543376878
2321	21	235
2321	1	350
2322	9	210.1735015727691
2322	1	393
2322	21	244
2323	21	258
2323	9	206.19659183109363
2323	1	435
2324	21	241
2324	1	393
2324	9	210.27449647469015
2325	21	266
2325	1	411
2325	9	213.37287878608157
2326	1	380
2326	21	252
2326	9	214.9058361726192
2327	9	210.9480296875282
2327	21	449
2327	1	716
2328	1	425
2328	21	267
2328	9	211.91249581455298
2329	1	755
2329	21	222
2329	9	168.51622438446307
2330	9	212.85410043942923
2330	1	379
2330	21	247
2331	21	251
2331	1	819
2331	9	172.94885860365684
2332	9	213.4813425538211
2332	21	264
2332	1	409
2333	21	232
2333	1	368
2333	9	210.79920385956416
2334	9	210.00857125365144
2334	21	249
2334	1	405
2335	21	268
2335	9	213.78507457579948
2335	1	413
2336	1	349
2336	21	220
2336	9	210.95644521204915
2337	9	214.56308114275785
2337	1	399
2337	21	265
2338	21	252
2338	9	212.41187496759534
2338	1	389
2339	9	208.3049066096309
2339	1	850
2339	21	512
2340	21	271
2340	1	419
2340	9	211.8978566919552
2341	21	245
2341	9	212.5857941991608
2341	1	382
2342	1	377
2342	9	210.35531391002624
2342	21	239
2343	9	210.82930047646116
2343	21	207
2343	1	330
2344	21	252
2344	1	393
2344	9	212.28456824151397
2345	21	285
2345	1	968
2345	9	168.19415188190322
2346	1	386
2346	21	236
2346	9	209.97910085988906
2347	9	209.68637227495964
2347	21	272
2347	1	443
2348	1	353
2348	21	210
2348	9	207.40882156614288
2349	1	338
2349	21	211
2349	9	210.50644061040398
2350	9	212.3700266165831
2350	1	390
2350	21	252
2351	1	417
2351	9	208.31732504443568
2351	21	252
2352	9	213.35739923352156
2352	1	416
2352	21	273
2353	21	293
2353	1	468
2353	9	210.06528289301656
2354	9	210.7634229946955
2354	1	381
2354	21	239
2355	1	372
2355	21	230
2355	9	209.91543356149836
2356	21	257
2356	1	828
2356	9	172.06678781391554
2357	21	274
2357	9	210.57038327102146
2357	1	431
2358	9	167.50239519743735
2358	1	897
2358	21	235
2359	9	211.14270824076127
2359	21	254
2359	1	407
2360	9	210.54755208621572
2360	21	277
2360	1	438
2361	1	396
2361	21	256
2361	9	213.4655248583019
2362	1	395
2362	21	250
2362	9	211.28473199614672
2363	9	210.00112744795388
2363	21	213
2363	1	340
2364	1	345
2364	21	215
2364	9	209.5475318774765
2365	1	808
2365	9	166.0290033412688
2365	21	218
2366	1	350
2366	21	222
2366	9	211.74040710265956
2367	21	244
2367	1	392
2367	9	210.7700955146752
2368	21	228
2368	1	744
2368	9	170.7187486160564
2369	1	347
2369	9	218.09044206977572
2369	21	238
2370	9	210.8024331819049
2370	1	401
2370	21	253
2371	9	211.55112338507277
2371	1	401
2371	21	256
2372	1	379
2372	21	227
2372	9	210.58639701286538
2373	9	209.48784168527177
2373	21	267
2373	1	430
2374	21	290
2374	1	446
2374	9	215.15790426292997
2375	21	148
2375	1	218
2375	9	218.0372621971346
2376	21	193
2376	9	217.49726549596122
2376	1	281
2377	1	413
2377	21	256
2377	9	210.1489555889083
2378	21	194
2378	9	177.3932504737797
2378	1	542
2379	9	212.6593520163174
2379	1	404
2379	21	260
2380	21	240
2380	1	377
2380	9	211.40754762693302
2381	9	215.48671801534692
2381	21	204
2381	1	312
2382	21	259
2382	1	413
2382	9	211.02022440742223
2383	21	245
2383	9	208.1703212290042
2383	1	409
2384	1	362
2384	21	223
2384	9	209.44609929117155
2385	9	210.8510636744135
2385	1	380
2385	21	244
2386	1	390
2386	21	263
2386	9	215.76579776966386
2387	21	241
2387	1	399
2387	9	208.94819542395507
2388	9	217.46080803285687
2388	1	660
2388	21	453
2389	9	211.0011176498469
2389	21	243
2389	1	388
2390	21	241
2390	9	210.32364053104865
2390	1	385
2391	9	208.70155395765175
2391	21	231
2391	1	378
2392	9	206.60427636962893
2392	21	244
2392	1	422
2393	21	207
2393	1	327
2393	9	210.71979452410574
2394	21	251
2394	1	397
2394	9	212.12072984559217
2395	21	225
2395	1	451
2395	9	194.38024773503702
2396	9	211.4466510127077
2396	1	392
2396	21	250
2397	9	211.256723684447
2397	1	424
2397	21	273
2398	9	212.4442983034772
2398	21	218
2398	1	338
2399	1	570
2399	21	374
2399	9	215.37080630978357
2400	9	208.8113600619207
2400	21	272
2400	1	440
2401	21	254
2401	1	404
2401	9	210.3004039487088
2402	21	262
2402	1	409
2402	9	211.76318253363263
2403	1	344
2403	9	210.20588606146052
2403	21	220
2404	9	209.36037936495327
2404	21	241
2404	1	393
2405	1	389
2405	21	239
2405	9	208.17989551011294
2406	21	224
2406	9	210.18758093208598
2406	1	365
2407	1	401
2407	9	209.77400260655767
2407	21	251
2408	9	208.515885811054
2408	1	343
2408	21	209
2409	9	211.68896659777752
2409	21	231
2409	1	366
2410	9	209.50463984753907
2410	1	340
2410	21	207
2411	1	334
2411	21	204
2411	9	207.67049845402624
2412	21	244
2412	1	395
2412	9	210.47366713430452
2413	21	212
2413	1	690
2413	9	169.92858261165424
2414	9	210.3230770694635
2414	1	369
2414	21	232
2415	21	224
2415	1	348
2415	9	211.73406248969673
2416	9	209.3003952227862
2416	21	237
2416	1	386
2417	9	192.76145626389894
2417	21	205
2417	1	429
2418	9	192.84014300636935
2418	1	106
2418	21	53
\.


--
-- Data for Name: separation; Type: TABLE DATA; Schema: public; Owner: fluoj
--

COPY public.separation (idseparation, name) FROM stdin;
1	Watershed
\.


--
-- Data for Name: session; Type: TABLE DATA; Schema: public; Owner: fluoj
--

COPY public.session (idsession, name, date, idsample) FROM stdin;
10	\N	2020-10-05	9
13	\N	2020-10-05	10
\.


--
-- Data for Name: type; Type: TABLE DATA; Schema: public; Owner: fluoj
--

COPY public.type (idtype, name, label, training_min, idsample, color) FROM stdin;
9	Normal	N	50	9	-16776961
10	Fragmented	F	20	9	-20561
11	Other	O	20	9	-65536
12	Normal	N	100	10	-65281
14	Other	O	100	10	-16776961
13	Fragmented	F	15	10	-65536
\.


--
-- Name: cell_idcell_seq; Type: SEQUENCE SET; Schema: public; Owner: fluoj
--

SELECT pg_catalog.setval('public.cell_idcell_seq', 10405, true);


--
-- Name: feature_idfeature_seq; Type: SEQUENCE SET; Schema: public; Owner: fluoj
--

SELECT pg_catalog.setval('public.feature_idfeature_seq', 25, true);


--
-- Name: filter_idfilter_seq; Type: SEQUENCE SET; Schema: public; Owner: fluoj
--

SELECT pg_catalog.setval('public.filter_idfilter_seq', 9, true);


--
-- Name: probability_idprobability_seq; Type: SEQUENCE SET; Schema: public; Owner: fluoj
--

SELECT pg_catalog.setval('public.probability_idprobability_seq', 750, true);


--
-- Name: sample_idsample_seq; Type: SEQUENCE SET; Schema: public; Owner: fluoj
--

SELECT pg_catalog.setval('public.sample_idsample_seq', 10, true);


--
-- Name: sample_image_idimage_seq; Type: SEQUENCE SET; Schema: public; Owner: fluoj
--

SELECT pg_catalog.setval('public.sample_image_idimage_seq', 30, true);


--
-- Name: scell_idscell_seq; Type: SEQUENCE SET; Schema: public; Owner: fluoj
--

SELECT pg_catalog.setval('public.scell_idscell_seq', 2418, true);


--
-- Name: separation_idseparation_seq; Type: SEQUENCE SET; Schema: public; Owner: fluoj
--

SELECT pg_catalog.setval('public.separation_idseparation_seq', 1, true);


--
-- Name: session_idsession_seq; Type: SEQUENCE SET; Schema: public; Owner: fluoj
--

SELECT pg_catalog.setval('public.session_idsession_seq', 13, true);


--
-- Name: type_idtype_seq; Type: SEQUENCE SET; Schema: public; Owner: fluoj
--

SELECT pg_catalog.setval('public.type_idtype_seq', 14, true);


--
-- Name: cell_feature cell_feature_pkey; Type: CONSTRAINT; Schema: public; Owner: fluoj
--

ALTER TABLE ONLY public.cell_feature
    ADD CONSTRAINT cell_feature_pkey PRIMARY KEY (idcell, idfeature);


--
-- Name: cell cell_pkey; Type: CONSTRAINT; Schema: public; Owner: fluoj
--

ALTER TABLE ONLY public.cell
    ADD CONSTRAINT cell_pkey PRIMARY KEY (idcell);


--
-- Name: type cell_type_pkey; Type: CONSTRAINT; Schema: public; Owner: fluoj
--

ALTER TABLE ONLY public.type
    ADD CONSTRAINT cell_type_pkey PRIMARY KEY (idtype);


--
-- Name: feature feature_pkey; Type: CONSTRAINT; Schema: public; Owner: fluoj
--

ALTER TABLE ONLY public.feature
    ADD CONSTRAINT feature_pkey PRIMARY KEY (idfeature);


--
-- Name: filter filter_pkey; Type: CONSTRAINT; Schema: public; Owner: fluoj
--

ALTER TABLE ONLY public.filter
    ADD CONSTRAINT filter_pkey PRIMARY KEY (idfilter);


--
-- Name: sample_image image_pkey; Type: CONSTRAINT; Schema: public; Owner: fluoj
--

ALTER TABLE ONLY public.sample_image
    ADD CONSTRAINT image_pkey PRIMARY KEY (idimage);


--
-- Name: probability probability_pkey; Type: CONSTRAINT; Schema: public; Owner: fluoj
--

ALTER TABLE ONLY public.probability
    ADD CONSTRAINT probability_pkey PRIMARY KEY (idprobability);


--
-- Name: sample_feature sample_feature_pkey; Type: CONSTRAINT; Schema: public; Owner: fluoj
--

ALTER TABLE ONLY public.sample_feature
    ADD CONSTRAINT sample_feature_pkey PRIMARY KEY (idsample, idfeature);


--
-- Name: sample sample_idtype_key; Type: CONSTRAINT; Schema: public; Owner: fluoj
--

ALTER TABLE ONLY public.sample
    ADD CONSTRAINT sample_idtype_key UNIQUE (idtype);


--
-- Name: sample sample_pkey; Type: CONSTRAINT; Schema: public; Owner: fluoj
--

ALTER TABLE ONLY public.sample
    ADD CONSTRAINT sample_pkey PRIMARY KEY (idsample);


--
-- Name: scell_feature scell_feature_pkey; Type: CONSTRAINT; Schema: public; Owner: fluoj
--

ALTER TABLE ONLY public.scell_feature
    ADD CONSTRAINT scell_feature_pkey PRIMARY KEY (idscell, idfeature);


--
-- Name: scell scell_pkey; Type: CONSTRAINT; Schema: public; Owner: fluoj
--

ALTER TABLE ONLY public.scell
    ADD CONSTRAINT scell_pkey PRIMARY KEY (idscell);


--
-- Name: separation separation_pkey; Type: CONSTRAINT; Schema: public; Owner: fluoj
--

ALTER TABLE ONLY public.separation
    ADD CONSTRAINT separation_pkey PRIMARY KEY (idseparation);


--
-- Name: session session_pkey; Type: CONSTRAINT; Schema: public; Owner: fluoj
--

ALTER TABLE ONLY public.session
    ADD CONSTRAINT session_pkey PRIMARY KEY (idsession);


--
-- Name: cell_feature cell_feature_idcell_fkey; Type: FK CONSTRAINT; Schema: public; Owner: fluoj
--

ALTER TABLE ONLY public.cell_feature
    ADD CONSTRAINT cell_feature_idcell_fkey FOREIGN KEY (idcell) REFERENCES public.cell(idcell) ON DELETE CASCADE;


--
-- Name: cell_feature cell_feature_idfeature_fkey; Type: FK CONSTRAINT; Schema: public; Owner: fluoj
--

ALTER TABLE ONLY public.cell_feature
    ADD CONSTRAINT cell_feature_idfeature_fkey FOREIGN KEY (idfeature) REFERENCES public.feature(idfeature);


--
-- Name: cell cell_idimage_fkey; Type: FK CONSTRAINT; Schema: public; Owner: fluoj
--

ALTER TABLE ONLY public.cell
    ADD CONSTRAINT cell_idimage_fkey FOREIGN KEY (idimage) REFERENCES public.sample_image(idimage);


--
-- Name: cell cell_idimage_fkey1; Type: FK CONSTRAINT; Schema: public; Owner: fluoj
--

ALTER TABLE ONLY public.cell
    ADD CONSTRAINT cell_idimage_fkey1 FOREIGN KEY (idimage) REFERENCES public.sample_image(idimage);


--
-- Name: cell cell_idtype_fkey; Type: FK CONSTRAINT; Schema: public; Owner: fluoj
--

ALTER TABLE ONLY public.cell
    ADD CONSTRAINT cell_idtype_fkey FOREIGN KEY (idtype) REFERENCES public.type(idtype);


--
-- Name: filter filter_idsample_fkey; Type: FK CONSTRAINT; Schema: public; Owner: fluoj
--

ALTER TABLE ONLY public.filter
    ADD CONSTRAINT filter_idsample_fkey FOREIGN KEY (idsample) REFERENCES public.sample(idsample) ON DELETE CASCADE;


--
-- Name: probability probability_idcell_type_fkey; Type: FK CONSTRAINT; Schema: public; Owner: fluoj
--

ALTER TABLE ONLY public.probability
    ADD CONSTRAINT probability_idcell_type_fkey FOREIGN KEY (idtype) REFERENCES public.type(idtype);


--
-- Name: probability probability_idfeature_fkey; Type: FK CONSTRAINT; Schema: public; Owner: fluoj
--

ALTER TABLE ONLY public.probability
    ADD CONSTRAINT probability_idfeature_fkey FOREIGN KEY (idfeature) REFERENCES public.feature(idfeature);


--
-- Name: sample_feature sample_feature_idfeature_fkey; Type: FK CONSTRAINT; Schema: public; Owner: fluoj
--

ALTER TABLE ONLY public.sample_feature
    ADD CONSTRAINT sample_feature_idfeature_fkey FOREIGN KEY (idfeature) REFERENCES public.feature(idfeature);


--
-- Name: sample_feature sample_feature_idsample_fkey; Type: FK CONSTRAINT; Schema: public; Owner: fluoj
--

ALTER TABLE ONLY public.sample_feature
    ADD CONSTRAINT sample_feature_idsample_fkey FOREIGN KEY (idsample) REFERENCES public.sample(idsample) ON DELETE CASCADE;


--
-- Name: sample sample_idimage_fkey; Type: FK CONSTRAINT; Schema: public; Owner: fluoj
--

ALTER TABLE ONLY public.sample
    ADD CONSTRAINT sample_idimage_fkey FOREIGN KEY (idimage) REFERENCES public.sample_image(idimage);


--
-- Name: sample sample_idseparation_fkey; Type: FK CONSTRAINT; Schema: public; Owner: fluoj
--

ALTER TABLE ONLY public.sample
    ADD CONSTRAINT sample_idseparation_fkey FOREIGN KEY (idseparation) REFERENCES public.separation(idseparation);


--
-- Name: sample sample_idsession_fkey; Type: FK CONSTRAINT; Schema: public; Owner: fluoj
--

ALTER TABLE ONLY public.sample
    ADD CONSTRAINT sample_idsession_fkey FOREIGN KEY (idsession) REFERENCES public.session(idsession);


--
-- Name: sample sample_idtype_fkey; Type: FK CONSTRAINT; Schema: public; Owner: fluoj
--

ALTER TABLE ONLY public.sample
    ADD CONSTRAINT sample_idtype_fkey FOREIGN KEY (idtype) REFERENCES public.type(idtype);


--
-- Name: sample_image sample_image_idsample_fkey; Type: FK CONSTRAINT; Schema: public; Owner: fluoj
--

ALTER TABLE ONLY public.sample_image
    ADD CONSTRAINT sample_image_idsample_fkey FOREIGN KEY (idsample) REFERENCES public.sample(idsample) ON DELETE CASCADE;


--
-- Name: scell_feature scell_feature_idfeature_fkey; Type: FK CONSTRAINT; Schema: public; Owner: fluoj
--

ALTER TABLE ONLY public.scell_feature
    ADD CONSTRAINT scell_feature_idfeature_fkey FOREIGN KEY (idfeature) REFERENCES public.feature(idfeature);


--
-- Name: scell_feature scell_feature_idscell_fkey; Type: FK CONSTRAINT; Schema: public; Owner: fluoj
--

ALTER TABLE ONLY public.scell_feature
    ADD CONSTRAINT scell_feature_idscell_fkey FOREIGN KEY (idscell) REFERENCES public.scell(idscell) ON DELETE CASCADE;


--
-- Name: scell scell_idcell_type_fkey; Type: FK CONSTRAINT; Schema: public; Owner: fluoj
--

ALTER TABLE ONLY public.scell
    ADD CONSTRAINT scell_idcell_type_fkey FOREIGN KEY (idtype) REFERENCES public.type(idtype);


--
-- Name: scell scell_idimage_fkey; Type: FK CONSTRAINT; Schema: public; Owner: fluoj
--

ALTER TABLE ONLY public.scell
    ADD CONSTRAINT scell_idimage_fkey FOREIGN KEY (idimage) REFERENCES public.sample_image(idimage);


--
-- Name: scell scell_idsession_fkey; Type: FK CONSTRAINT; Schema: public; Owner: fluoj
--

ALTER TABLE ONLY public.scell
    ADD CONSTRAINT scell_idsession_fkey FOREIGN KEY (idsession) REFERENCES public.session(idsession) ON DELETE CASCADE;


--
-- Name: scell scell_winner_fkey; Type: FK CONSTRAINT; Schema: public; Owner: fluoj
--

ALTER TABLE ONLY public.scell
    ADD CONSTRAINT scell_winner_fkey FOREIGN KEY (winner) REFERENCES public.type(idtype);


--
-- Name: session session_idsample_fkey; Type: FK CONSTRAINT; Schema: public; Owner: fluoj
--

ALTER TABLE ONLY public.session
    ADD CONSTRAINT session_idsample_fkey FOREIGN KEY (idsample) REFERENCES public.sample(idsample);


--
-- Name: type type_idsample_fkey; Type: FK CONSTRAINT; Schema: public; Owner: fluoj
--

ALTER TABLE ONLY public.type
    ADD CONSTRAINT type_idsample_fkey FOREIGN KEY (idsample) REFERENCES public.sample(idsample) ON DELETE CASCADE;


--
-- PostgreSQL database dump complete
--

